Text,Toxic
Give us Pharrell Williams others caliber would really rock Lightening BOLT Olympic winner want talent trash,0
polling support among Canadians assisted suicide exceeds 80 Sadly folk choose end lives early still rather stuck without longer ironically opponents actually expediting deaths Research also shown lots people get approval actually choose go knowing option available gave peace mind,0
Even protective gear wear StephBand wont protect inattentive driver especially hit run drivers,0
great article suggest making friends people First Nations years ago able spend time living reserve Southern Ontario experience held good stead went China live twenty years Exposure another culture spirit service humanity unveils unknown aspects ones character thus engenders personal transformation,0
environmental destruction cant understand many nasty brain dead bent destroying natural beauty makes sick,1
men women military committed shown past among best withstanding let self aggrandisement Minister Defence best equipment whether supposed fly drive float shoot seriously handicapped politics play especially fighter jets treats contempt Ms Freelands well intentioned words speech would better reading documents House show strength back counted small many ways past punched weight current ringmasters fear left singing wind serenaded platitudes doubt latest primped foray Mr Trudeau airwaves USA border Niagara Falls quite Ms Freelands remit needed,0
Maybe thats heartwarming Joe sells batteries,0
Ontario federal governments contribute 1024million help finance projects Stopped reading read part,0
Liberals conflict idea innovation government funded ie government pick winner pump huge amount taxpayer future taxpayer money know Liberals omnipotent,0
wonder Ronald Reagan Jr avowed atheist leftwing progressive saw happened upclose,1
Trump set make new world new garden Eden short time surrounded pretty boys family angels going cast illegal migrants type hell going save rust belt going forgive sin really think God President Nothing,0
voice traitors state supported Ohio Dan Drumpf,1
bunch sore losers Gloria whatever name said taking High Road Ha Sounds like Hillary Lost Suck Ha,0
right Fred areas would much better utilized stripmalls apartments Thatll show bears,0
quoted Congar real name elsewhere stated Jesuit know Dominican appeared given brief quote referred progressive mindset refreshingly unpretentious intellect nice encounter confirmation view fact,0
honestly dont think could learn Zumba become certified great persevered make dream come true really boost confidence something good people show appreciation,0
Golf tends played gated parks denuded humans Great work Cathal editor want crap Trump Im fine common knowledge vast majority recreational golfers play public courses average incomes us appalled Trump employs lies make point Cathal appears youre different man mock Sad wrong,1
Im obviously humbled Elway said lot great people award Pat one Peter Coors 2002 Barry Hirschfeld 2015 list awardees tremendous Thank acknowledging Hick Hancock winning award two clowns embarrassment,0
Apparently International Rule Law Global 200Mile EEZ standard outside grasp 50 folks count dozen clearly labeled ChinaBot profiles liking comment absurd beyond words unilaterally claim open ocean area 12 size Europe sovereign territory,0
Id love see video NRA handing nut rifle,1
wondered simply miscommunication friends would back,0
expect handouts lack skills lack English lack interest joining rest society value even rankles us accuse us Islamophobia object leeching us,1
China wants ban gas diesel cars Sep 11 2017 CNNMoney CNNcom money 20170911 news Sep 11 2017 China preparing put brakes gasoline diesel cars country home worlds largest auto market working plan ban production sale vehicles powered solely fossil fuels officials say Chinese government following making local news China 2nd largest world economy considering Mean back good old US fool charge pushing us back 1955 thinking denying climate change doesnt exist Instead new vogue vilify science,1
Youre misconstruing said said tattoos may distraction never said anything making judgments said say anything character seem either PC type judgmental type maybe prone stereotyping excons nicer compassionate tattoo,0
never portrayed Islam squeaky clean never said weary hateful Id appreciate take say face value load statements assumptions say bigoted basically ignorance intolerance views understand question Islam dangerous reasons isnt Christianity find bible versus God orders murdering children assume serve violent religion concerned community reasons give isnt true apply Islam well failure understand makes views bigoted demand special pleading views hold others stronger scrutiny hold justification youd surprised many young Muslim men list ignorance racism bigotry like article reason becoming radicalized,1
Alaskans put 785000000 help Oil companies get oil market Oil companies give Alaskans 6800000 return Bad investment,1
exactly think interests wereare annexation Alaska Oil Hey got angry ugly bone leftist american women bright Maybe need Mexican Laborers make Russia great think think want war Maybe want steal space program info oops lead us manned space program going pay launch return astronauts way around maybe relished thought president practical morally superior condescending like Hillary interference havent answered either expose Hillary crook DNC actually deserve medal contempt Watch Moscow bar scene election night see lot happy Russians knowing right guy better relations,1
cops word needed ascertain truth cop didnt even testify going guess ascertain truth jury must agree,0
Maybe noticed McGuinty changed peoples mind Lieberals still ended voting Wynne,0
Yes try correct mistype luck,0
Hillary claimed Trump literally breathing neck video evidence shows lie MSM wont print,1
Trump Disaster,1
hope safety measure passes dont invade privacy LAW ABIDING citizen dont speed dont run red lights Bring big bro protect rest us law breakers,0
maroon Go ahead live Twitter chances statement anybody elses factual constraint Twitter content outside length accommodate dont want hurt brain thinking Brilliant idea post Twitter dont expect even small local site endorse Twitter way run government Youd much happier site ever,1
forget Supreme Court Justice Neil Gorsuch President Trump selected preferred list promised unblocked Obamas idiotic pipeline shutdowns promised undone hundreds Obamas destructive executive orders promised congress could get act together ready disappoint even keeping promises hate policies thus guts need impune political truthfulness,1
cost increase would INSANITY purchased four new Weather Master ST2 tires cost mountedbalanced studded 92800 Purchased four new steel rims sensors 51600 Total cost set new winter tires rims minus rebate 137200 wants add ANOTHER 30000 fee,1
Well Rogers selling house Richmond retire Chilliwack comment valid Chilliwack option many people reply,0
Ms Clark merely respects base corporate sponsors provide much greater net donations mere individual taxpayers Dollars win elections Ms Clark adept,0
OK would describe manner everybody understand Dont forget forum encourages brevity websters definition Dont miss phrase discrimination definition httpswwwmerriamwebstercomdictionaryhomophobia,0
Get real Im violent never never met violent liberal though known roughed police threatened like hoodlums marching peace demonstration nuts Book banning done almost exclusively school boards red states goes along bans sex education voting citizens wrong skin color get bedroom often pay attention real world,1
Denver Bronco fan since first day stepped field first time born raised Colorado even moving Michigan 47 years remained Broncos fan disappointed Broncos Hickenloopers fools hypocritical comments claiming wrong Trump mix sports politics heck think moronic players NFL wrong overpaid self centered idiots show disrespect flag country many fellow servicemen women fought died protest completely unrelated issue watch another NFL game college football Wolverines Buffs Rams Spartans show respect loyalty organization fails show respect country spent 20 years Army defending,1
dont agree Pope thank replying comment uses wit rather rote,1
Oh thats silly None issues present places public showers lockers Dont manufacture imagined obstacles,1
says hasnt,0
Gary Mason Fuck bulllshit economics ever think maybe maybe Alberta government spending problem revenue problem enough fucking tax Alberta enough enough politiciansnot Alberta obvious answer nevereven take 75 cents every dollar earn problem lawyers longer scum bottom barrel politiciansgreedy self centered arrogant politicians,1
Read comprehension didnt say fire caused power washer said cause obvious would apparent local inspectors need call feds investigate months rumors operation power washer use one give high colonics constipated posters ridiculous aliases Somewhere James Clavell weeping,1
Wow dog pony show Bicker bicker bicker sit council seat people watching everywhere waiting make mistake wonder people dont want new people running council remember councilman public view see weather said watched printed judge truth Fake news exists live well everywhere today Give us brake heavens sake public wants honesty personal agenda,0
wonder snuggled warmth NAKED Island,0
Baloney surely others seen,1
attempt undermine Church every chance get much sense make belong Church allege hates women Decide believe act consistently,0
like wolecturing wocomplaining woplaining short wofalse sense moral superiority wosmugwosmugging short,0
Good job kiddo,0
McWynnety regimes Ministry SJW Hypocrisy Ontariowe tax work,1
build 80 foot high wall keep Mexican Americans yard bill trumpf,0
Trump wants lackeys qualified people bureaucracy needs filled people get job done instead blinded politics loyalty political party,1
HELL YA FEEL BERN BABY,1
Naw needs hair management tips Justine,0
Yes added protesting two things part parcel Trumps racist cop supporter racist cops protesting,1
evidence kind corrupt pressure Obama putting people spew utter twaddle,1
Squiggs dont tell scaredy cat,0
course reacted expect Jump around satisfy requirements first get facts together Sexual harrassment knows boundaries political iedological anything else Men powerful positions SEEM likely thing get away Clinton Trump Weinstein StraussKahn Zuma Cosby name sad thing moron Weinstein got away long,1
much ADNs attempt civility comments Corruption issues indeed rats sinking ship others give star remarks much changed snarky unkind nasty comments news articles,1
soon going 2019 high Liberal unemployment rate rich survive,0
would Trump pick guy worked hard undermine interests United States Putin thug needs cash gas oil expand terror Tillerson assist Tillerson also subordinated US interests dealings Qatar,1
fact biased media fine business Well Outsider think made clear post LAST thing want biased media opinion pieceseditorials like letters comment posts point view enlightening make THINK maybe even help see things different way slamming name calling rather reasoned arguments backed facts straight news ought best possible give facts story eg fire fight Afghanistan yesterday two people killed kind thing believe thinking person gets enough information formulate independent opinion hear one biased side story wholeheartedly agree,0
Jesus admonished Peter Get behind Satan cold uncaring Thinking black white terms Peter wanted protect Christ suffering spoke heart Yet Jesus rebuked Peters intentions genuinely focused Jesus Peter much learn thinking God,0
good point moment states districts decide path charters run correct see ethically challenged states abusing good happened local support benifit Id love hear treacher worked,0
much time hands huh Time reduce Governments workforce,0
Whats even sadder Americans dont try stop senseless killing servicemen women unnecessary wars Trumps moron saying ignoring killing makes look like small potatoes,1
Serious question,0
Dat knee grrr thug normally use N word right bout Blacks support anything without knowing first,1
articles infuriate Argoknot would allow get board 7day solo adventure basic training Basic training something travels 100 kph water Thats good way get killed,1
Also wasted taxpayers money flying Air Force One short trip stay home keep yap shut Give credit Houston folks already helping,0
ties Kremlin Anyone US business Russia must go Kremlin approval international manufacturing business stupid US media along US citizens cant believe dumb people,0
Mussolini going arrest pope Catholic Italy places Good luck think done Pius XII basically chose nothing let Jews rounded instead IMO awful decision,1
hard ask President basic level intelligence,1
problem Kruse held power Gelser high falootin state Senators Big Shots earth didnt Gelser simply tell dude directly firmly necessary publicly touch involve higher ups media fellow Senator bugging would tell himher stop story Gelser frightened another common threadbare justification failure resolve issues personal level,0
really dont see ADN obviously supports taking Fund government News organizations general need go back reporting newsinstead spin whatever sourcemaking clear distinctions opinion pieces factual vetted reporting order able however public demand needs news equivalent scripted reality show TV type sensationalist presentation whatever sexy story caughtor likely catchthe public eye demand tribute proudly ignorant disdain elitist education favor mindless entertainment also enjoy entertained includes wellinformed independent thinker honed education got classroom grew poor worked hard sacrificed every step way attain made stronger better person makes elitist,1
Exactly typical New Dinosaur hypocrisy Given NDP track record financial corruption theyd ban open disclosure donations allow trickle underground Also would skim general revenue hardearned taxes paid enrich NDP would probably scam lottery funds Look last time allowed rule Bingogate NDP skimmed millions charities two decades one party insider integrity stop Dix Horgan part discovered charged NDP Premier resigned Stupich NDPs henchman 6o criminal charges theft fraud forgery Later corruption inquiry found NDP even used stolen money pay NDP members give safe seats one exPremier Dave Barrett get reelected NDP tried pay back charities sham transaction appear didnt steal Uncertainty Chaos corruption,0
think Trudeaus approval pipelines hypocrisy right wing Canadians sick death Grow Trudeau simply reiterating statements made none Stephen Harper,1
mean Canada model influx immigrants low proportionally,0
Ok enemies Church friends Church would say someone like ISIS one Churchs enemies,1
Sounds like way advisors fool people buying mutual funds packaging ETF wrapper Novice investors want buy ETFs thats trendy word right many advisors Canada got rich rely ignorance Canadian public,1
Safety talismans didnt work actually hazard,1
way bike tire equal foot print FOOT print even close measure part touching road whole tire Lets say 200 lbs step size 10 thats 5 lbs per sq inch Put 200 lbs two tires thats 166 lbs per sq inch Besides since tires rarely leave road thats 166 lbs CONTINUOUSLY opposed foot prints usually 2 feet apart insult side coin Im neither fearful ignorant prejudiced law law though fool criminal idiot dork,1
stop Particularly less idea youre talking Note self remember feed feed,0
Overall 420 applications dont believe coincidences Annie Zak would say already familiar industry,0
used boycott regressive red states Im boycotting entire country Trump impeached zero respect America point,0
must say eloquent compassionate without patronizing stuff subject thread Thanks C man doesnt make want run nearest shower douse brain Lysol,0
Donald Trump tweeterinchief thought slaying fat gaff masterful tweets alas hole digging tweet shovel digs hole deeper deeper twitters deeper gets spent hours last night tweeting adding defamation Alicia Machado man thin skinned defensive deep mental issues temperament twoyearold presidential,1
Stewarts comments made appear VietnameseAmericans inhuman savage Stewarts comments made appear Vietnamese refugees struggled adapt Portland 1970s dont know accurate statements Im sure reason make stuff thin air Duy Chi Nguyen says true least degree described Stewart experiences growing San Diego might mesh whatever going Portland Kitty Piercy finds edited video offensive racist share Facebook wall,1
Every day liberals make self look despicable personally like backfire like last November,1
statement read nothing written 1962 false,0
Interesting pussy Trump used together part American lexicon,1
Agree 100 Well especially sort public forum pop density land mass contained resources doesnt lend running red dont understand never would love talk sides publicly try,0
cares meanwhile GayLesbianChristian genocide going Middle East Crickets mainstream media denver post,1
Houston needs boats rafts anything large enough people live enough dry land Even shelters getting flooded unbelievable mercy,0
hope dont see question mark exclamatory statement see periods statement Grammar lesson aside seem agree false Christians upset,1
miracle subject considered sensitive blacklisted commenting kind bulst Globe Mail freedom speech stupid idea make judgements peoples comments inane Take Liberal Bay Street elite rag shove lots real newspapers read comment without kind bulsht,1
doubt malice professors account Folks need tolerant diverse personalities,0
Maybe instead ignorantly pontificating could wait see,0
Thanks concern care idiots like offer hypocritical false view farming business fake news type article denigrating farmers farming dont need education liberal idiots think morally superior others Especially faux vegetarians eat fish Push craziness elsewhere Leah,1
YeahTrump enough supporters everyone,0
much damage simpleton Canada turfed office 2019,1
explaining lumping many diverse people two group usually good idea also explaining losing winning maybe even various causes effects went madness Probably importantly cant insult people want argument believed people goes ways course plenty thoughts help reconcile situation logically,0
JYoung different right pigeonholes left dont want associated far left anymore want part far right Reality get lumped extremes Mostly people cant seem get 2sides garbage usagainst us hyperbolic rhetoric ripped us apart new normal,0
Dad good job know couple parents whose son shoplifted referred youth court parents asked court greatest punishment loved son told court dont ever want back True love tough love,0
feel studs superior disagree,0
kind headline see clean hands sides muddy hard see thing sticks HRCs treatment Bills victims term Sluts Nuts used power molest accusers second time see clean hands Trump claim Champion Women Victims Rights One grabs crotches attacks women come forward disgusting,1
rational balance Globe UK affairs UK election hope Globe knows providing platform UK Extreme Leftist Labour Party publishing bizarre opinion UK Labour supporters include George Galloway antiSemites,0
Conservative plan alienated older voters plan take away winter fuel allowance make pay longterm care Sounds lot like Trump Let freeze streets rich pay less tax buy bigger yachts private jets,0
Two problems theory Private sector employees legally allowed set aside much money retirement many public sector employees Public sector retirement contributions 25 gross compensation 18 cap contributions RRSPs private sector Public sector total compensation large number jobs vastly exceeds private sector Looking wages might show huge gap add value employer paid pension contributions public sector workers often compensated much higher level comparable workers private sector exceptions near top income chain people like lawyers executives often better private sector entrylevel positions note comment save early life gap particularly large,0
think refugees simply grateful US lets dont know known refugees believed US obligation let stated never felt United States either moral legal obligation accept us pointing unless 80s unlikely 1951 would opinions US moral obligations believe US citizens ones ought determine obligations country US citizen believe moral obligation provide refugees right opinion regarding US moral obligations agree disagree,0
blame people teach children electing corruption sold Ontario families childrens future personal greed really allowing people without moral principles ethical values teach young children person continues vote Wynne Liberals knowing bring misery fellow citizens possess fundamental principles decent human conduct people allowed anywhere near young minds teaching environment Yes could forget anything Harper campaign funded union negation fee 100 BILLION DOLLARS teachers pension fundWe need transform teachers essential service required work 40 hours work week 11 months year Packages need frozen 10 years line private sector counterpartThis would ensure children never held hostage bottom feeding greedy strikes,0
agree kill wildlife unnecessarily defense natural resources department city officials point public safety Tranquilizing bears exact science problems occur occasionally also question safely transport tranquilized bear take set free without injure people dont think automatically blame officers poor judgement,1
time Canada rest world label NRA terrorist organization ban members ever entering countries caused death America terrorist organizations combined large margin people sick,1
Omitted intentionally man pig technically comments Billy Bush tape women let star narrow sense implies consent tape highly offensive court probably constitute admission sexual assault name offenders left right intentional Sexual perversion appears apolitical,1
bet fewer 1 readers ever lived demanding professional lives wo car Boston Mother much Rails anecdotal evidence boot taught Big Box transport perfect fludisease vector Cars isolation isnt Weve never sick often Big Box transport fragile One line blocked especially w car blocks pathways home everyone Good roads cars offer infinite pathways points People packaged Big Box transport efficient terrorist targets 300 pop French train v best handful one time till police shoot Internet designers considered packaging messages containers sent scheduled intervals twixt back bone computers breaking every message identicalsized semiintelligent pieces found path destination theyre reassembled picked car approach efficient provided greater survivability transporting messages Big Box pkgs,0
Im thinking things arent quiet Savushkina Street led believe,0
Bumbling Lunatic United States BLOTUS call winning ITMFA,1
case Id really happy see sexual predator thrown afterthefact rules senate cant see good reasons throw despair senate,0
Dr Thompson would horrified doddering incompetence putrid festering nepotism lies contradictions coming Russian backed Kremlin supported political neophyte bleach blonde hair tiny hands orange tinted skin,1
Youre HILARYous Buying facts Walmart bargain bins see 1st day already lied made narcissistic fool standing front CIA employees lying pathetic crowd size Sorry burst deluded bubble law contrary antics thin skin put obvious bullseye chest,0
Every country would send Foreign Minister come Dion isnt going happened Huge loss confidence Dion Theyre afraid Dion angry upset press Dion dog house Trudeaus bringing knives Dion Dion foot mouth syndrome Even Justin realize Dion amateur Dion coming cabinet shuffle along Iranian Afghani Cabinet Minister,1
American think company important dont raise price Sounds like payback soft lumber right Many Canadians dont necessary IQ understand,1
exactly Trumps 10point immigration plan bigots boast RJ,0
mistake view world outdated marxist categories useful disruption death disorder much else Everyone workerwell except 93 million Americans Obama got hooked food stamps etc,0
thats fine dandy role insult millions Canadians hopefully Justin give slap,1
havent floated Kasilof since Cohoe Cove closed boat ramp would great news take would built,0
using middlemen cutouts false information forms theft Iraqi artifacts,0
Priesthood equally open females males could lot facilitate new dialog new thinking new understanding human equivalency God Male exclusive priesthood wrongfully judgmental face Always Always face evolutionary consciousness premises honest,0
Texan would like point heroism isnt coming Texans states Louisiana Florida Arizona immediately showed assist community mention individuals parts country put lives hold provide assistance disaster People always come first,0
Obamas Supported Non Libyan Obama Libyan Rebels Al Quadas Ansar Al Shariah seized Decades Libyan Weapons Ammunition Military Equipment Landmines 400 US FIM92 Stinger Anti Aircraft Missiles 2000 Russian SA7 Anti Aircraft Missiles Long Range Anti Aircraft Missiles Libyan Military Depots Hight Razma Benghazi Libya used Muslim Terrorists Al Quada stated Al Quada would use Anti Aircraft Missiles Shoot US Commercial Airlines Passenger Cargo Cripple US Economy CIA US Department State tasked find recover AA Missiles Al Quada resupplied Millions Holy Warriors Islam Worldwide Nigerian Military Algerian Military French Algeria Military Mali Military Niger got Gunned Muslim Terrorists Al Quadas Ansar Al Shariah became Government Libya attacked US Ally Tunisia Obamas Regime Change,1
httpswwwyoutubecomwatchv7z_ORNy8tFo 9 Young People WORDS President Donald Trump,0
much filler actual tips,0
intellectually lazy poorly educated read Washington Post thats Trump loves,1
fact situation America deteriorated extent Congressman declared feels necessary pack heat seems admission Congress failed responsibility pass rational reform Instead example even mentally ill legally get weapon,1
useless human rights social justice lawyer masquerading Minister Environment Climate Change,1
could Landlordfromhell Tenantfromhell online listing problem adjudicate forum preserve semblance civility veracity given disgruntled landlordstenants eventually turn site administrators possibly seeking legal action would want knowingly set aggravation,1
Neither Damores Sohs conclusions based upon good science Rather chose science fit narrative went Undoubtedly genetic gender specific differences amongst broad general population Google employees broad general population selected certain traits automatically make broad studies inapplicable subgroup even selection process may biased social structures Thus belief Damores manifesto Sohs article scientifically based crock ignore many many factors could easily refute views explain gender differences via socialized structures within society ignore factors bad science since socialized factors may dominate gender specific tendencies column clearly opinion piece pretend scientific,1
Oh white people dont get shot police Thats odd white people list story Buuuut wouldnt fit narrative,1
justify Obamas rape Libya Jack war Syria Obama simply extension Ws policies despite promises end Trump paytoplay system wealth rules Hundreds million spent ensure two preapproved vetted warmongers chance Every four years evil give us choice lesser evil matter choose evil wins duopoly left right wings Corporate War Party choose Thats call democracy,1
hope Ganot offers scholarship Villa Kahukus point guard agree Ganot coaches done remarkable job season,0
Im fan Trump hes bully Id hate think took bullying cause Canada right thing dismantle supply management system dairy industry thats takes Canadian dairy farmers comfortable supply management thats bad comfort poor motivator Canada compete anyone world level playing field time dairy industry made instead luxuriating excessive sales prices Canadians present caused pay One point though Trump wants level playing field dairy USA going stop subsidising corn producers able sell cheap corn dairy farmers wonder well go US midwest,1
1 Catholics excluded Communion divorced remarried excommunicated state would committed mortal sin repented confessed going continue adulterous relationship obviously unrepentant one deal pastorally sinners unrepentant Lords parting words woman taken adultery sin Lords pastoral advice poor woman Pastorality mean condoning sinfulness means situation leading someone habitual sinfulness time able avoid sin occasions sin case remarried divorcés means least living brother sister Anyone genuinely desired embrace Catholic Faith would surely accept 2 Easily done 3 problem nickname,0
considering rental property caught TFSAs outside tax sheltered box,0
Russians coming look like everyone know voted Despite fact Russia GDP Texas spends 64 billion military US spends approx 590 billion one really knows Pentagon CIA havent audited still fear Russians miserable weather makes drink antifreeze like alcohol Since lost drunk puppet Yeltsin Putin brought authoritarian discipline nationalistic pride back Russia US placed troops missiles border presently need convenient cold war scapegoat blame socioeconomicpolitical problems soon time swear didnt vote Siberian candidate wont subject oath sent Guantanamo reeducation camp accepting suspects Fear Russia might fear dysfunctional government needs fearful distraction,0
64 President Obama got record number death threats concern Obama publicly berate staff disloyalty American Presidents dont control domestic policy Bill review constitution fact One man wants dictate policy without Congress approval frightening Trump fires people appointed Hes either got zero knowledge terrible judgement people Well third choice hes got age dementiamy likely explanation doesnt remember said yesterday lost control emotions tweets cant handle demanding two way conversations dont mean offend personally understand voting liberals Dem Hillary serious problem threatens safety democracy Im serious person moderate Independent say promote Democrats dont expect agreement Bill hope consider going forward,1
Gigi would chop dck Trump told,0
Describing Canadians settlers makes much sense describing aboriginals indigenous,1
Ill believe see,0
Ironic use moniker dont say cant seem stop saying things Maybe change really shouldnt say even nothing importance say,1
Poloz warns protectionism rarely succeeds urges open borders free trade open borders Canadians jobs income inequality protected borders meant something Canadianwe proud Canadian Canadians Convenience Businesses move manufacturing cheap labour countries thus removing jobs Canadians imported poverty importing people never integrate get jobs culturally integrate protectionism open borders Poloz talking,0
High density planning created social crisis limiting growth liberals caused developable lots skyrocket ridiculously absurd prices assures collect highest property taxes possible Property taxes price us affordable housing created poverty crisis liberals shamelessly exploiting poor politically advance welfare state Rest assured problem going get worse state dominated liberalism social cancer,1
Excellent Haiku,0
70k sprinklers new construction Mac youre drinking Chamber Commerce KoolAid believe CoC hype Ive got beachfront St Louis Heights sell Got ta ask got back flow preventer plumbing stupid cant fix,1
homosexuality chosen lifestyle utter nonsense theory people make completely unsupported claim born bisexual terrified fact Stephen J Remington,1
Scheer envioushe never able send five copies mother,0
women may fabricate stories spousal sexual assault gain upper hand custody access disputes myth say,1
Canadas team,0
record Ive 23 years chose make Alaska home balance conservation development todays Left vs Right world compromise something one knows meaning anymore,0
Maybe coaching Sorry else,0
Tomlin attacking Ranger three courses putting life line flag country conform choices spoiled multimillionaires insult fans support flag country says everything need know Tomlin Forcing athlete recant public disgusting worthy one Maos reeducation camps,0
higher wisdom know 1 Canadian justice system lunacy 2 particular refugee claim bogus,0
obstruction Wrongful dismissal maybe suspect Comey paid remainder 10 year contract nonetheless career civil servant personal net worth excess 11 million 5 years working Lockheed patronage job procured ties government lawyer years Maybe fingers cookie jar,0
Trump make Kathy Griffin make Hillary call half America deplorable women lost control,0
Sad thinking putting bears mans laziness take care mans trash,1
people right dont health insurance rates skyrocketed Obamacare know two people self employed professionals give health insurance could longer afford Ironically one health care professional treats Adults free care due expanded Medicaid feel sorry hard working friends dont feel sorry anyone would give expanded Medicaid unlikely event Congress votes repeal unfair medicaid expanded able bodied adults hard working adults paying extra taxes pay freeloaders American ever happened countrys morals values,0
Darn would completely convinced used one exclamation mark maybe caps,1
Really havent noticed President Hes excellent speaker bigger problem sheer ridiculousness trying compare Palin Obama highlights lost bubble Really dude get clue,1
David Jan clearly delusionalhe TERRORISTDavid army fighting child soldier kind soldierhe fighting US terrorist organisation Get narrowminded liberal heads,1
want live fascist Theocracy suggest pack belongings move Iran hatred United States stands keeping government Bye shut yap go,1
missing longer version article something Trudeau say looking idiot,1
way save world socialism socialism exists within democracy theres dictatorship Hugo Chavez Sounds like looked one quotes,0
would day without hatred towards white men right want right Listen animal evolution pov part species went hunting killing problem solving along way likely abilities get push ideas give someone says versus part species primarily caregiver staying put trying keep environment stable supportive possible order raise offspring Nobody stopping women anything America Canada Enough sort article breeds backlash,1
war Shooting someone level best shoot better capture saw head bread knife Absolutely Ask Syrian refugee next time see one,1
yet disastrous decline stock market Shrub rebounded much Obama Mine rebounded 3 fold lowest point Hmmmm,1
cant order private companies world BC stop private companies building pipeline see hypocrisy Equalization per se constitution better get copy read says Catholics teach antigay stuff teach catholicism friends teach middle eastern religious stuff know like killing infidels stoning women female genital mutilation,1
Guilbert de Corbeil Russian Spy judging DP posts Lets see one passes muster ha,0
Nope dont think interpreting source loan correctly 35 made loan 2B existing liquidity 15 B funds loan certainly coming bank another article suggests US Hedge Fund,0
need grow laugh one thing take take jabs politician another thing constantly non stop mocked ridiculed started literally second Trump one Jeff dont know put shoes would feel mocked ridiculed attacked almost every minute day Hollywood media Even deserved WAY overdone Trump would absolutely pissed unfair media wonder lashes back took job try make America better country regardless whether agree policies refined polished politician business man US Liberal media treating like garbage sickening ones need grow crying temper tantrums form minute election,1
Catholic Scripture Scholars tell us equivalent Church tells us Genesis stories intended inspired God myth form writing need deal fact theology needs reflect knowledge Scripture constructs developed fallen nature actually given human nature Even myth picture seems realize Humans created death part prospect like lifeform seemed sin easily much difference fall pictured,0
dont think socialist,1
soup Nazi prior life rightBut would head climate change unit say open meeting trueDid Christiana think one would record share,0
Yeah drink flavor,0
aa poor crying lefty nut job miller still cant stop hate stupidity posts,1
Sorry election fraud certainly Treason Treason CLEARLY defined constitution doesnt come close Care lie,1
BWAHAHAHAHAHA tRump DUPED RIGHT WING EXTREMISTS LOL lied fell hook line sinker HAHAHAHA SUCKERS LOL LAUGHING,1
Even give clown cars away reduce range recharge issues,0
1996 Ontario decided restructure Ontarios hospitals guidance vetenarianUnder Rae 10000 hospital beds closed Harris 22 hospitals closed another 10000 beds cut 39 hospitals amalgamated 13 McGuinty Liberals accelerated process 35194 acute care beds 1990 2000 21805 acute care beds today 2017 18571 11436 chronic care beds 1990 2000 7787 chronic care beds despite fact Ontarios population increased 9 13 million Ontarios aged population increased Ontario fewest number beds per capita Canada Ontario 23 1000Germany 82 1000Japan 137 1000 surprise Ontarios hospitals overcrowded straining seams medical staff knees government central planners 1990 blew central planners 2017 brighter,0
Given past current motivations makes lot sense lying Hell 6 zero credibility anyone including families,0
Perhaps think running entire country Ont Que Vancouver think need mayor Montreal made apologize entire west theOntario border idiot comments understand without largeness Alberta wouldnt able turn lights old city hall,0
Sen Collins state obvious must leader party Republicans wake something positive theyre minority paraphrase commentator Republicans havent able figure tie shoes despite majority respectfully Go get em Girl Wo0dy,0
Probably none seeing gun free zones think want kill pick easiest target,1
Hillary isnt feeling Bern Bernie sure feeling Hill Even wins loses Dems award Hillary delegates Trump focus Hillary certain beat always weak candidate,1
Go forward stop worrying offending someones civil liberties civil liberties entire source prosperity liberty security sir must idiot,1
Trudeau fine communicator like liars far democrat goes like father Trudeau Jr outspoken admirer despots ever though democrat Lawrence rest willfully obtuse,1
Im glad RegisterGuard could provide Herb opportunity get frustrations sure heck runon sentence,1
guess doesnt stop Thats right either,0
dont buy idea climate change bad Tell mussels oysters clams Oh thats right theyre dumb crustaceans anybody care matter anyone care amphibians disappearing alarming rate noxious slimy little creatures anyway 128885 human deaths attributed heat waves around world 2000 2014 well people get air conditioning like Saudi Arabia,1
Youre painting bad picture Trump entire campaign especially acceptance speech Go towards light Shannyn stop victim Happier days soon us embrace together know believing lie long makes meme Ah shoot Ive done turned Dark Side,1
record speaks Ige poor performer sellout Caldwell poor state roads everywhere allowing Chinp spend tax dollars furthering Chinps financial interest,0
cursive become form encryption Unlikely Annual Local Privacy Security conference session someone said issue first came people started making marks clay next day showed Xmas label oldest son made using Roman Alphabet Cuneiform advances digital Image Processing text recognition automated translation soon apps scanning translating modern cursive medieval English cursive Latin Greek Sumerian text written Cuneiform,0
Kind reminds Bobby Darin song know shark bites teeth babe Scarlet billows start spread lucky got bite Look creatures enter space dinner,0
VJKlein absolutely right post muddled words Hazard Risk please substitute one wrote argument remains exactly Thank pointing science detecting hazard peerreviewed animal experiments reviews epidemiological studies therefore IARC set rules set published scientific research believe Ivos CV columns Ivo made quite clear agenda scientific rigour tout court removal reduction regulation calls reasons entirely clear capitalism Trumps administration currently slashing burning regulation USA disastrous results specialist scientists affected communities exposed risk attest daily Smart opposed dumb regulation good thing Ivo fiddles whilst Rome burns Hes smart,0
Ho ho ho innocent comment thought first one posted article decimated usual Globe mod Trump using resources better public owned locations taxpayers cost offensive comment Ridiculous,0
Mlandu racist fool minimal support wants dictate also incomprehensible us sit nuance betrayal intellectualism actually mean Connie September politicking party representation SRC,1
Wherever shop picking new material _Alceste Sorry truth stings becomes less Ill stop try grind teeth much frustration,0
Billary Two corrupt self serving pathological liars EVER,1
Funny sad think many including indigenous Hawaiians spend lifetime catering tourists Lack worthwhile skills thats Instead complaining energy used insure resident population infer get proper training skilled jobs get put Otherwise settle fries burger,0
Trump turn let fat despot says hell goes far neighbours take sit back watch football players bright think demonstrating displeasure disrespecting country iconic flag,1
else bear stupid smile party government willfully deliberately destroyed economy country,1
takes one two micrograms fentanyl kill carrying 18143694800 micrograms extraordinary amount potential,0
entire Ontario government would take advantage poorer people province first place accuse incompetence defunct caring group Everyone allowed travesty happen first placehave shown unworthiness run office,0
let stay condo great idea gawd idiot,0
leaders mayor city councilors mean true civic leaders mount campaign stop ridiculous project starts,1
curious agriculture uses pesticides state biotech companies keep getting complaints almost theyre specifically targeted groups agenda,0
good proposal starters would eliminate possibility provincial premier minister seeking leadership national party ridiculous,1
yes great new move hours since postedVoting Republicans Chris Birch Jennifer Johnston Chuck Kopp Lance Pruitt Anchorage Mike Chenault Nikiski Gary Knopp Kenai Steve Thompson Fairbanks Democrats Les Gara Andy Josephson Anchorage Sam Kito III Juneau Jonathan KreissTomkins Sitka Adam Wool Fairbanks independents Dan Ortiz Ketchikan Jason Grenn Anchorage,0
4375 claim oil industry share much profit much expense Without knowing number meaningless,0
Type 1 2 diabetics accepted enlistment Developing disease enlistment usually get discharged unless near retirement granted waiver httpswwwthediabetescouncilcomcanyoujointhemilitaryifyouhavediabetes Pregnancy temporary condition chronic cant enlist already pregnant,1
exactly tear viaduct keep freeway open,0
Possibly like others fooled SB21s pitch certainly changed view thankfully new majoritys sake,0
Yep youre folks IQs 50 talking Translate English whatever gibberish speaking,1
agree Bud would equivalent sending Queen middle east engage talks Im wondering GG accepted invitation wondered relinquished duties Trudashians royal visit William Kate seems playing footsies Liberals,0
born bred age 22 Nutmeger think factor may decline Yankee prejudice traditional Catholic ethnic groups child 50s early 60s family subject regular instances subtle overt expressions disdain glaring latter neighbor invited everyone neighborhood except IrishAmericans Fourth July celebration local fife drum corps played lawn Since lived next door wall properties low could still enjoy concert pretty clear excluded atmosphere Catholics forced stay group unhappiness Church 60s young people largely abandoned attitudes Catholics considered everyone else Catholics thus became willing evaluate Church merits institutionally strong,1
Okay part Junior saying Canadians interest electoral reform waned since Conservatives lost power Hahahahahaha Really Junior whole 60 country arent mafia organization according last vote Dont try pretend happy nothing else matters audacity clowns hilarious Liberals biggest bunch cornball phony politicians Ive ever seen Oh please Justy love much dont electoral reform keep power forever ever Excuse rest us Canadians Liberal back benchers stick fingers throats listen plea Canadas little prince wearing clothes us see pretty,0
happened happened stupid Hell never catch Gretzky,1
Trump apologists flail trying excuse Trumps refusal brand nazis evil Well defying nazis also violent much different excusing Nazi extermination Warsaw Ghetto Jews nerve revolt,0
Hey Goth forgot important element getting done LOOKS know Taylor Swift Miley Cyrus looked like Whoopi Goldberg nobody planet would know name immediate family rare exceptions female recording artist isnt socalled hot either rap record regular songs tangential pursuit main career comedy like Bette Midler rare exceptions include winners American Idol course goodlooks rule apply male recording artists eg Mick Jagger,0
living NE read Walmart going invest huge amount money CO grow weed sure happen help cover border tax make America great behind wonderful beautiful high wall built tax dollars catch two Federal Courts east coast ruled AR type weapons could taken public use ATF one R Perrys divisions get rid,1
point white workingclass voters realize really support Banana Republic Kleptocracy realize already think good thing,0
Correct Freeland grandfathers Nazi past glorifying freedom fighter spent war forest Polish partisans fought nazis lost lives instead editing nazi newspaper glorified Nazis good job exterminating jews newspaper stolen jewish owner exterminated death camp Grandpa also lived apartment vacated jewish owners sent death camps Freeland portray victim,1
problem FAIR TRADE China signing away remains manufacturing base signing extradition treaties problem Trudeau selling companies tied sensitive military tech affect national security without proper vetting national security reviews see difference right Chris Thats selling oil gas company senior care company quite bit different selling company provides sensitive military laser satellite technology military allies,0
God given common sense receive birth says conman moral cretin like Trump would president Yet,1
mean Sam Combs Corrupt Bastards Club back havent paying attention NEVER LEFT,1
Columbus authorize horrors list Murdered 3 million people Hispaniola Thats impossible number small island Thats like Democrat said Guam might tip,1
Wrong bombs ended war early saved hundreds thousand allies lives would lost mainland invasion proud air force family occupation force Japan reason Japs didnt get real good appropriate nuking Americans two bombs ready,0
AJI believe loon,1
Historically gay gene one associated high achievements arts science mathematics Also edit way homosexual people hurting Rush Limbaugh matter heard Rush gay dont care think much Speaking pig genes Rush Limbaugh lets hear oink Rush,1
Gee Froma Obamacares problems fixable didnt Obama Democrats fix Obamacare didnt need Republicans sabotage itits fine sabotaging,1
answered question original post Shardell newcomer whereas Tommy already succeeded Earl King referred Bunk Sandwiches Pizza Jerk success Shardell similar success whats basis claim calling Tommy king sexist flimsy accusation sexism seems like attempt discredit review without actually engaging said defending quality food criticizing Cizmar love Beaverton Sub Shop expending much effort outraged use one word worst ambiguously sexist,1
story case comparing apples oranges One wonder Stats venerable organization lot credibility get away Gender equity equal pay across board equal pay equal work regard understand sectors economy women dominate comparatively low pay scales understanding fields men women actually work pay difference comes seniority skills qualifications plus small amount bureaucratic inertia topic like recent one police handling sexual assault cases sexual assault military perennial favorites writers end always new angles write stories festering sores humanity facts subjective border fake news,0
time Ive eaten Baked Alaska small restaurant Chile,0
Morality warfare loosely linked best even word assassination comes 14th century sect whose job kill kings name Assassin often said derive Arabic word Hashishin 600 years history provides precedents dont know httpsenwikipediaorgwikiAssassins recall WWI blamed nongovernmental political assassination correct Archduke Franz Ferdinand Bogus Casus belli started WWI moral attempts specifically Saddam Hussein Qadaffi moral Remember Reagan tried kill Qadaffi 1986 killed daughter Obama 2011 using air power war Libya According Obama bombing critical protecting American National Security interests Trump hit Libya six days ago ISIS alQaeda excuse time,1
realize Trump leftwing anticapitalist socialist dictator Nazi seems Trump reelected faces term limits Funny people closer Nazi seem call others Nazi way ILLEGAL ALIENS want contributing members country run back country apply work visa lawful immigration fair come correct way others run across border get benefits,1
Yeah notice hisher name Jenny Talia Genitalia real pathetic person,1
idparockswhy say kill go language gyrations find word like harvest say word kill Harvest euphemism used hunters soften sound Im hunter devout fisherman kill fish catch,1
KON Foolish ˈfooliSH ADJECTIVE person action lacking good sense judgment unwise P foolish enter correspondence e Trump supporter synonyms stupid silly idiotic witless brainless vacuous Nothing ever come close idiocy voting andor supporting Trump,1
give multicultural bilingual intersectional sht congratulate remarkable degree irrelevance,1
least ten students stupid go Harvard,1
httpwwwcommondreamsorgnews20170331senatedemsaskgorsuchshelpexposesecretdonorsbackinghisnomination ask JCN disclose identities donors order put rest concerns donations made secret could affect rulings find names individuals organizations contributed JCNs campaign support confirmation pledge disclose American people find names individuals organizations contributed JCNs campaign support confirmation pledge make public cases appear litigants b consider recusal even formal rules Supreme Court mandate,0
Isnt use term fairer sex tad misogynistic,0
Well long comfortable dependent US MilitaryTaxpayer support YES need permission time give permission,0
think policeman commended chose flesh wound kill shot spite fact life clearly danger wish police would take note many kill shots could taken care less deadly methods understand gun pointed adrenaline pumping come scene suspect know little nothing tend react instinctively self preservation think deescalation training would beneficial learning cope instinct know Ill get flak comment wont change mind one bit,1
Im shocked negative attitudes brought comments youth vote meant let youth participate voice process largely ignores 18 magically expects turn voting booth angry comments students voting way appalling conversations two high school children results cant imagine bashing process saying stupid voting opposite want youth opinion one see headlines parents one find dont know youth vote imagine voted either based headlines hear home made even think thats progress Also comments saying vote liberal teachers influence obviously dont know teaching works,1
agree dont take statement gospel either William offense intended well managed process built checks performance accepts changes inevitable Past performance good bad always accurate indicator future Thats universal truth virtually organizations private public politics doesnt work way LOL Partisans accentuate negative knowing faithful believe opponents wont spend time defense basic modern politics one depressed many voters shy away either party disgust Im one registration changed year independent voter registration far greatest gains registration httpwwwpeoplepressorgtopicspoliticalpartyaffiliation,0
Florida becomes overwhelmed rising sea levels ask relief tell one big hoax since cant see backyard isnt happening Couldnt happen better group people Let swim Im done US Corruption,0
specious argument applies women Quebec right exact situation exists doesnt matter requirement face covered much confusion hereobvious line religious freedoms Freedom religion Charter right Whether religious simply belief conscience doesnt matter Charter gives people right express beliefs one person explained contrary Explain allowing Muslim women wear niqab puts rights right affected right see faces people around Charter post many others nonsense Calling names insulting intelligence doesnt change legal reality Charter Rights Carry downvoting remember us told wrong law declared unconstitutional,0
anything arrogant Liberal really success storey low productivity balloning deficits mediocre GDP growth,1
Stevens Stevens Ted never married Alaskan Native,0
Youre obviously Canadian claim utterly false permit Canadians display Islamic State flag wear KKK Nazi garb wish dont prohibit people wearing showing something Canada prohibit things harm people,1
Id rather little concerned Trump Hillary Bernie giving country away already 8 years crap entitlement crowd growing exponentially open borders consider wearing vaginas head walking street rational conversation,1
Decriminalizing reducing State penalty Federally illegal Schedule 2 drugs result fewer addictions health treatment Oregon illegal drug abusers Oregon blow first offense gate fast jail say offense number three,1
Rife speculation Macdonalds argument seems pretty dispassionately analytical seeks tie M103 broader discussion increasing strictures officially informally imposed belief speech country dont think Macdonalds critique speculative much observational problems M103 apparent particularly seeks condemn irrational human fear belief phobia paradoxically could applied religion renders logically ludicrous importantly dangerously broadly unrestrictedly condemns forms behavior promoters consider unacceptable therefore veers realm authoritarianism reality free speech wont lost means single action parliamentary motion vigilant inexorably dismantled gradually time Macdonald argues happening Canada,1
others whose handles stolen without doubt heavyweight opinion makers precisely targeted plus fact women,0
Im saying taxation isnt important cost shelter relative earning potential FAR larger factor taxes youre see basic detached house require 2 hours daily commuting cost ten times pay offered youre probably going look elsewhere truly love place used subtle charm BC wonderful place people dont see hubris hilarity comparing Vancouver places like New York San Francisco never mind Seattle people never lived anywhere else Vancouver prices engineered policy related real estate immigration everyone flocking opportunity world class stopped trying make attractive hedge foreign money turned debt taps fullon could end foolishness,0
BMW brand choice egomaniacs useful idiots,1
Even though current Pacific cyclone season one tamest recent history sure Shorsian climate Gomers declare specific event result atmospheric CO2,0
Back day high school kid Alaska wasnt awash guns south 48 gun culture real hard us lots people stupid ideas go guns ideas dont come Outside attitudes guns handguns place youre hammer everything looks like nail packing cultural influences tell chances shoot someone gun carrying rise zero,1
Yeah right white privilege ashamed look society created many millions leaving countries go somewhere else get away usoh waitnever mind,1
History matters Outsider77 Obviously white people legal right enact white supremacist ritual blackface question minstrel show minstrelsy American form entertainment developed 19th century show consisted comic skits variety acts dancing music performed white people makeup blackface purpose playing role black people Minstrel shows lampooned black people dimwitted1 lazy1 buffoonish12 superstitious happygolucky1 musical httpsenwikipediaorgwikiMinstrel_show,1
build chart free using Google Drive Google Finance stocks wish track,0
94 million number right BLS statistics January According Bureau Labor Statistics labor force participation rate January 2017 629 translates 94366 million people 16 actively participating labor force number actually 02 percentage points better 736000 less LFPR December 2016 numbers even mainstream media publishes way LPFR data proof economy sucked Obama Obama LPFR dropped levels seen since 1978 Jimmy Carter httpsdatablsgovtimeseriesLNS11300000,1
Youd think one failed media venture another Shannyn would fallen far enough seek public office instead take pot shots,0
Interesting organizer event also support truth Conspiracy Passes DVDs exhibits signs stating United States organized ad bombed 911 first responders police fire department men women idiots mind dying imperialist racist country Quite sad,1
Spreading distrust free press intel judiciary system calling group Nazis white supremacists fine people openly endorse want overthrowing government support corporaterun internet providers decide access fast based business political groups ability pays much small business access information base decisions using sources providing different prospecting lets forget EO allowing toxins dumped waterways giving thumbs pesticides proven cause cancer Lets forget minor travesties okaying brave hunters murder sleeping bears cubs dens,1
might get set aside Christmas courts SA chronically slow,0
autopsy Opiods Birth control pills Alcohol Lead Untreated sewage full antibioticresistance flesheating bacteria Think bad stuff researchers finding sewage Ill betcha Mankind killed,1
NFL play games China Lets see spoiled athletes knee Better yet knee defect China,0
Dont mean RussianLeaks comrade,0
Snow beautiful wish youd chosen better photo Husband stealing women isnt PDN promoting,0
Tired paying parasites,1
even read article Considering several charges appeared court Id say already experienced legal problems probably come,1
Boy thats lot hands Teddy first hand yep takes special kind able wreak havoc absolutely nothing second hand power mad narcissistic dictator threat world Putin must laughing silly demise disarray US government yet another handTrump proven lacks ability hire credible capable people think Flynn Spicer recent debacle Mooch Thank God others vetting Appointments sabotaging agenda Trump doesnt need help hes bang job,1
thing union job unions never created job Businesses create jobs jobs businesses offer ones know need union ones absolutely nothing earn raise laziest coworkers Ive ever worked,0
Letting nature cull herd least intelligent part evolution could agree statement,1
Boo hoo nothing idiots office everything Alaskans caring Voter turnout pathetic many years thing Alaskans show polls handout threatened,1
Counting chickens often Probably unwise eggs already rotten,1
every turn find evidence manufactured team Clinton whole departments government weaponized Democrats find anything Trump plenty showcase Clinton given preferential treatment FBI others DNC robbed Bernie nomination happy able buy one Trump,0
memory fine dont judge party past members leaders allow change memory also remembers well highly questionable unethical sale BC Rail broken promises Gordon Greed Good Campbell followed toadie Chipper Crispy Cracker friend big corporations want favours price course many years one party power promises increase corruption,0
trump appointments far indication fitness job looks like Hagerty need hire muscleman carry Carolines jock strap Mazie correct,0
cheaper operate illegally dont pay taxi licences Commercial insurance rates drivers likely dont pay tax businesses could drop prices 2550 deregulating entire taxi industry thats fine dont blame cab drivers government applies regulations charges enormous fees taxes operate business Country Province City Black Market always cheaper thats,0
youre fine pussy grabbed,1
tax must looked sales tax spending idiots government SIZE like everyone else sales tax catches everyone exceptions,1
Non sequitur Also incomprehensible,1
missed point entirely,0
Fr Martin voice reason sea culture war intrinsically disordered dont ask dont tell Catholics particularly liked essay fr Martin wrote couple years ago America cruel unrealistic expect gay men become faithful Catholics google gay catholic find,1
Achievement tests help spot problems subject individual sturdent Political minded authorities school boards misuse data reward punish schools scores instead using improvement voucher scam stolen money educating students creating system allow churches upper classes redistribute education taxes privileged good religion see money flowing christian schools moslem hindu native american schools get even angrier perversion christianity authoritarian hypocrites ignore basic principles Jesus alleged words bible zealots keep citing old testament laws justify anger prejudices xenophobia ignore Beatitudes lesson Samaritan helping stranger forgiveness Prodigal son healing sick non judgement women err,1
bet lawyer common promised Canadian citizenship helped Snowden lawyer trying shame Canada expediting bs claims piece work,1
Gardner hoping enough Republicans vote yes vote look brave without torpedoing bills passage,0
Pence effeminate weak agree looks silly background filled ethical problems Check governorship Indiana,1
thinskinned lummox parents teach manners,1
free market fixes everything,1
lack knowledge misinterpretations history thread plus multi year decade false hood book reading embarrassing canada sad,0
late Western Canada already decidedly Chinese,0
usual bs spewing liar lefty uniform part police BLM right hate living bunch idiots toronto heck canada room BLM screwed parade cops time take alt left wingnut bs elsewhere toronto fed loser FUNDING,1
Ok problem short sightedness people Canada choice welcoming nation welcoming nation better Americans Government tell us facts Canada brings lower grade people work mines oil industries cheap labor fast food restaurants among things hand Canada loses highly skilled well educated people find decent job example US Diversity Visa lottery accept Canadians 16000 immigrating US every year top ones work visas studying US come back low grade low paying jobs filled dollars going treasury enough maintain status quo pension programs government raises contribute plans want us think better Americans,0
BC Liberals ruined BC astronomically foreign money even selling assets foreign control,0
stupid Indigenous leaders invited first place oneday meeting packed agendahardly time entertain chiefs posturing get worst worldsa government cynically trying claim credit including chiefs chiefs dissatisfied superficial treatment received,0
Time go solar wind power,0
Good see ship righted turn away Constititional mess created BO,0
last smokey bout dog tried die Two days doggie ER ICU compromised dog Congestive heart failure Couldnt get oxygen enough wouldnt allow heart get water lungs O2 diuretic drugs fine heavy dose ril drugs heart getting water removed shot smoke slowing death spiral guess many people find compromised soon 500000 acres burned year way overunder bet Chetco Bar 260000 acres fall rains thinking new Gorge fire hit 30000 acres Friday wind yetgorge wind30mph plus 50 next cold front maybe threaten Bull Run Horse CreekSeparation Creek fire went cutthroat fishing kid September spring chinook spawning,0
Guardian Australia similar cladding fire used thousands highrise apartments buildings despite approved use Australia interior use lowrise buildings Similar fires Qatar high rises recall banned buildings ordered remove cladding already though partial compliance im correct leaves China main manufacturer lowgrade cladding maybe theyll add Hinkley C make look nice,0
Britain involved Middle East century popular Quite contrary surprising someone striking back Even significant Britains participation invasion Iraq invasion obscene surprising people reacting arrogant disgusting behavior country People including police seem think country attack countries impunity Britain attacked Muslim countries Muslims responding surprising people races people principle striking Britain,1
Democrats reliably win Peoples Republic Juneaus downtown district couple three districts Anchorage downtown UMed East Anchorage district two Fairbanks couple rural districts way thirty years Sometimes Ds come particularly attractive candidate win districts sometimes put candidates sound like conservatives Republicans Democrat efforts redistricting try dilute solidly Republican areas hope coalitions toy falseflag Republicans backed Democrats districts kiss death lefties liked gerrymandering Knowles led reapportionment 00 Hypocrites,1
accept Benedict Jesus Vicar LOL Five years ago wanted hang Hypocrite,1
DP coverage recent developments Korean Peninsula surreally awful least Gardner good sense concerned madman WMDs able hit Denver ICBM lunatic Kim threatened annihilate US Japan RoK Allies close military strike NK sanctions diplomacy slowed Kims nuclear proliferation missile programs Haley said US even bother call meeting Security Council even sanctions agreed members especially China Russia Iran would enforce Trump tweeted quite clearly allow continue US must use force stop Kim getting nuclear ICBM likely millions Asian casualties precipitate WW III Russia China stand idly DP cover crisis properly dereliction journalistic duty,1
WhoaWhere sign halftime JP job little supplemental income would good,0
sitting table black people present person name title Master introduced ironic thought flashed Marrus head would go mine well would occur everyone else present also Oh yes would Marrus however stupid enough blurt clumsy attempt humor hypersensitivity shown reaction extends tech world way various communications protocols electronic devices terms master slave used accurately describe device initiated data transaction device responded little snowflakes apparently outraged,1
Deady Hall renaming drive teaches us something important Oregonians blind evils traditional slavery 150 years ago modern dogooders blind current evils Today 1 percent American population enslaved prisons Blacks minorities disproportionately represented pose serious threat others Americans still dont get comes respecting fellow humans expend energy dead Deady issue apparently problem enslavement many time cages every action including excrement monitored controlled blindness many current atrocities focus past one anything representative still respect fellows Start current practice changed focus past cowardly empty,1
People scared black people black people violent probably beat annoy rarely seen whites Asians openly verbally racist black people hear white female high school classmate say something nasty black girl nice polite friendly girl type girl would beat seen white black people harass bully saying racist things Asians saying racist things Asians seen Asians nasty Asians Asians saying nasty things Asians Asians saying nasty things Asians Asians easy targets racists bullies Asians less likely beat talk back harass likely see acts racism Asians Muslim looking people Blacks face discrimination prejudice school looking job looking rent home news reports racist white people attacking blacks,1
sure Wynne capable playing dirty politics,1
EWTN wanted could great damage already yes plead guilty cropping original,0
course afford cigarettes notice pack name brand smokes table WW could found better spokesperson represent serious issue self appointed narcissist,0
absolutely beautiful idea real concept genius said power dismantle EC rests states lets sufficient number states accomplish without grind constitutional amendment trump certainly provided impetus get done get done soon anything like catastrophe wrought ever ever happens Genius,0
men seem want control women wear dont wear,1
Notice first three letter TRUdeau almost spell TRUmp getting run around,1
Kue petitions Really let readers determine credible link Check everybody Kauai womans petition signatures handwriting last names first children age 18 addresses Hardly genuine womans club httplibwebhawaiiedudigicollannexationpetitionhtml,0
work would pull permit city right entry right privacy,1
Physician perks commonly claimed tax deductible personal medical corporations cant speak small businesses fear changes may cost colleagues Im levelling playing field allowing upper class folks skirt taxes using effectively loopholes system said changes pass would like see sort acknowledgement small businesses self employed must selffund benefits mat leave pensions etc,0
tRump hasnt engaged issues 8wop Hes done nothing shoot blanks hes informed domestic foreign policy tRump stands behind podium waves hands around telling audience anyone thatll listen trust alone make everything better Yeah better tRump dynasty,1
short assure could never job could never handle orders remembering wants stand feet 8 hours pop putting people giving hard time making single mistake maam 10 years halfway retirement question becomes someone offered retirement 25 years would stayed waitress,0
call lies big difference keep please,0
Military veterans suffering PTSD never ever allowed guns legislation common sense Disgusting nearly Republicans opposed,1
McCain stupid pick Palin would surprised offer put forth Sullivan would stupid accept DT offer VP political career would maybe long run would good Alaska,1
next mayor willing say governor Legislature council willing say comes transportation free lunch ones going come build system going free pay dollar ride thats real reality want transportation improvements going pay Jeremy Harris Exit Interview Honolulu Advertiser late 2004 warned people didnt want hear go road transportation improvement rail dedicated know aint coming free taking new bills pay system number mayoral elections charter amendment proposals yelling screaming neighborhood board meetings continued angst opposition system continues move along built asked time,0
Im sure Alberta BC court proceedings voice recorded recording transcripts prepared,0
defending racist hate groups domestic terrorists Really Sorry como youve lost credibility point thought might shot human decency,0
right wingers simultaneously totally uninformed ignorant proud truly mind boggling,0
Dude going post pointless inane comments could least get anatomical terms correct woman wears tight pants seeing vagina outline part vulva specifically labia majora beyond tired people confusing vagina vulva Yes connected thing,1
Look south end Forks real garbage dump criminal illegals living right next visitors center nice Welcome Forks garbage Dump trailer park looks beautiful LOL LOL LOL LOL LOL,1
fucking racist Im sure Judge book cover dude actually really good dad everything kids held job always Unlike lot people know Dont judgemental see black male tattoos Racism real people like comments like make America ungreat fuck head,1
biggest lie ever told progressives equal Equal birth reality environment genetics set,1
huge boulders along side river changing,1
one stopped studying Social malaise topic problem didnt really study Even right article actual evidence beyond personal opinion addressed counterpoints provided solutions future directions blogger fine cool article hes youre Director research institute research get new job,1
let guess kids addicted use gone DUIs skyrocketed Oh none happened like Colorado Washington nations,0
imagine CNN CBC sole source news watch canadian news channels like CTV note feeds mainly CNN CNN popularly called Clinton News Network company gave Clinton questions Presidential debate news channels would broach critisimn Clinton despite actions along DNC fix 2016 nomination race bernie sanders getting fake news compounded reproduced locally MSM tho news represents reality true investigative reporting aint Tell lie often enough gullible public accept truth Thats Modus Operandi MSM,0
think sometimes people go vacations brains common sense goes vacation vendors reason encourage behaviors greed stupidity,1
expecting Trude federal inquiry killings memorials Ottawa Quebec City built commemorate event annual rallies Parliament Hill calling end Islamophobia event replace WWI national importance,0
youre saying people voted Trump stupid already know world sad thing theyre stupid know theyre stupid,1
Im glad Hillary giving wrongwingers sleepless nights ulcers dang funny,1
Dijou running Mayor said rail overbudget due incompetency suggestion Politicians significant campaign supporters Privately raise funds complete project lot money unable regulate means enough pay errors increase GET effect working poor poor hardest brainer responsible behavior,0
learned early life wrong right freedom slavery men women realize point sound like Orwellian parody would funny big government people werent violent aggressive,1
media blacks liberals kept bringing race every time theres police shooting double standard glaring,1
said day one gary exception using drugsalcohol include social parasites ones work prey community Youre still addressing liberalism created emergency poverty affordable housing crisis preventing proven soltions plight coming fruition,1
httpsyoutubenx2JdJhAL94 lunch box w MILK thermos still kick theme song,1
Jared part Administration unparalleled US History small contingent blind supporters partisan Electoral College GOP set perfect recipe dictatorship disguised Democracy DJT undisciplined hack unable bridle mouth Jared along others willingly lie dangerous foibles fact remain written History Russia aided abetted Trump campaign US intelligence Departments agree GOP willing Partner Crime irresponsibly pretend govern know nothing,1
85 million Africa Americans voted Democrats 2012 didnt vote Democrats last election voted strictly race 2012 course cant racist whites racist least thats narrative want believe,1
really dont get faking speaking need go beyond simple regulations hon called morally responsible right thing many moral zombies,1
Ah small minded short sighted incompetence coming jobs people money faster improvements things created jobs people money Increased housing values education people higher paying jobs better infrastructure added flights public transit would come amazon mention Denver sucks half transportation budget well guess denver metro half population Amazon coming would great get vast majority Denver metro area well many others across state fact means amazon coming would great get Colorado whole dont like growth probably move Wyoming Montana Dakotas somewhere small minded short sighted afraid change life wont impacted much stop posting stupidity waste time,1
Good Holy Week least,0
Allie good person would call people liars names simply opposing view,1
Thats typical NY Times say corrupt Democrats New York need get act together Mayor biggest hypocrite dishonest,1
gives dam Tiger says Weve got Americans shot killed hundreds last weekend alone across cities youre worried Tiger says DUI Sheeple,1
Oscar nice man need stop culture warrior bishops want get involved politics goes bishop El Paso let laity handle politics,1
Well course cant afford new Social Safety Net Yeah doling 10 million terrorists upside terrorist open cozy 10 000 000 dollar BedBreakfast Bridal Path Employ like 1020 hardworking Immigrants Refugees Compensated Table course mean increase Minimum Wage set cause collapse Canadian Civilization Supremely Wealthy CANADIANS like Mr Omar gon na Cut Corners Personally Id like apologize terrible inconvenience,0
Church use words heterobihomo sexual refers samesex attraction distinguishes samesex acts continuum speak one immutable inborn orientation continuum learnable attraction people experiencing environmentallyinfluenced predisposed attraction predominately one sex another completely extendable retractable neither based number external factors Modern psychology junk science used political tool promote easiest people deal rather point people samesex attraction normal sexual relationships allow convince society sympathize stick predisposed sexual attraction come various theories like sexual freedom wait didnt work sexual preference wait didnt work born way dingding winner make seem scientific,1
uh Monty Python amusing Nothing amusing tragic idiocy,1
Bundys cattle land long little probably thought land Recently driving Nevada land ownership atlas aboard surprised saddened see much BLM land local ranchers locked us Whichever way trial goes good reminder self entitled ranchers land still gouged streams depleted wildlife reminders private cows public lands worn welcome 21st century,0
Considering volunteered propaganda agents Obama Democrats Im pretty sure Josh Earnest regarded useful idiots,1
Good get started realistic overhype far actually making major difference want go college paying full cost dont think state afford even legislators dont political level,0
Ive said many times sodomy mostly practiced heterosexuals far way heterosexual sodomites homosexual ones legal definition sodomy way includes oral sex know,1
garbage mealymouthed academic toady prevalent unthinking attitude du jour Le Pen extreme right populist economic program appeals far left Fillon certainly appears preferable choice doesnt justify dishonesty versus Le Pen drivel Obama laying fate whatever free world Merkels pudgy lap hasnt accomplished anything accomplished stay office long incompetence first torpedoing ECB allowing confused Italian take since lost candidate drowning continent flood uncontrolled refugees Hey Globe time ease useless contributions sundry academics either provide real content reduce size,1
story ridiculous Im glad Examiners opinion Trumps response measured appropriate didnt immediately jump conclusions like predecessor publication slowly going direction Redstatecom Dow drain,1
agree story hes got value trade market Rodgers opening day roster come 2019,0
trump stupid realize cant win fight,1
sure many tragic stories type Indians reason resented EuroAmericans moving taking lands moving grew hearing savages opposed Manifest Destiny heroics Cavalry struggles Winning West Oregon historic monuments whites killed Indians Jedediah Smith Massacre Reedsport GeiselBattle Rock monument Port Orford etc highway signage know commemorating Native Americans massacred whites Id like see balanced accurate history narrative Eugene Parks Department puts forth stupid racist story Spencer Butte named HBC traveler killed Kalapuya,1
Good punishments fits crime Body cameras ensure safety simplify grievances provide critical evidence cases abuse validation valor newsworthy though,0
could also consider fact prisoners considered wards state denied voting privileges incarcerated People apply live public welfare assistance also wards state probably also denied voting privileges welfare wards state always vote candidates propositions offer free stuff better public assistance life style expense productive citizens,0
Promoting hate free speech Well see point issue complex Hate speech kind speech subset free speech restaurant menu choices movies assure yelling Fire crowded movie theatre standing chair restaurant insulting chef top lungs get ejected Threatening another person death hanging may free speech thatits also dead threat Time rethink Lets relocate scene California Christ Saviour Cathedral Moscow lets add punk rock girl band yes know oneKitty Chaos Kitty Chaos charged хулиганство khuliganstvo ie hooliganism exercising right free speech studious Californians racist tendencies arein Russia eyes anyhowhooligans,1
slashed someone knife went cop hammer Hammers used deadly weapons bad friend didnt shoot first,1
UAA could start eliminating vice chancellors UA 6 people athletic department spending lot time working budget might least 3 many Many universities lower 48 also making cuts athletic departments deal budget cuts including eliminating sports teams,0
completely backwards Pope Francis urge Trudeau Liberal Party Canada apologize residential school victims period residential schools operation Liberal Party Canada power government Canada Without government policy succession Liberal governments Catholic Church would involved residential schools Blaming Catholic Church pathetic hypocritical attempt deflect blame Liberal Party Canada,1
Gassing children changed Clearly dont give damn dead babies,1
wrong majority small business wages 70 costs means least 20 increase math net costs made somewhere either increasing prices much job cuts,0
Republican party FILTHY w super fakey christians Theyll stab back buck wave flag kick face,0
Washington Post dummy,1
Ahhh awful progressives Lets consider list many villanies Free public education emancipation slaves Women entering workforce fortyhour work week safer working conditions Marriage equality Concerns protecting environment Universal health care social safety net Honestly progressives barbarians gate think theyve done bit go far thats people always said sometimes someone run well past end zone convince others goalposts need moved,0
first sentence article conjunction NASA reporting see link tells everything need know Paris Agreement politics based fake news dont want click Antarctica actually gaining ice mass httpswwwnasagovfeaturegoddardnasastudymassgainsofantarcticicesheetgreaterthanlosses,0
fitness ranking drops month fat people move Colorado,1
chicken cluck cluck cluck LOL Vietnam Draft Dodger lot Marine friends right LOL,1
think agree thousands years good evil done name religion often IMO zealots use religious doctrine twist justify actions Certainly true radical Islamic terrorists also true radical Christian zealots bombed abortion clinics killed abortion doctors trace history wars frequently based among factors religion course Christians rightwing wackos Muslims radical Islamic terrorists need remember many targets antiabortion radicals Christians themselvesand need recognize chief targets victims radical Islamic terrorists Muslims Radical Islamic terrorism involves well nationalism tribalism economic social issues complex questions seldom simplistic answers,0
like see armed conflict breakout SCS China golden opportunity test weapon ecosystem People talk US air carrier wing effective think Chinese opportunity test baby httpnationalinterestorgblogthebuzzchinasmach6monsterairairmissilecouldmaketheusair18536,1
Wiliki also happy see moving along Granted one person might happy cost way politicians people managing construction handled say train benefit traffic problems sorely either misinformed shortsighted,0
Give Yanks Youre sandbox Adults taken screwed Middle East decades many times caused one horrific event another Time go nap,1
Look Oklahomamoron,1
catch today well anyone think teacher job know teach going parent think child get necessary teacher time class assignments teacher dealing would parent leave child school going kids talked belong mainstreamed classroom opinion Denver Schools June 16 2017 Threats attacks thrown chairs DPS works reduce early childhood suspensions SNIP 3rd grade teacher Students fear breaking rules students attack others regularly throw chairs students heads punch students teachers face choke others stab necks fists full pencils curse violently run school httpwwwchalkbeatorgpostsco20170616threatsattacksandthrownchairsdpsfieldsconcernsaboutefforttoreduceearlychildhoodsuspensions,1
dont think quite simple cut us need us need right,0
bit surprised peterpi usually post much common sense _FOR_ people rebuilding taxpayer subsidies floodprone areas doesnt sound like wise thing whether instructed mythical man sky recognizing realities exercising common sense,0
Ha really idea many rich Democrats Hell start Congress alone get idea move Hollywood start looking political donors operatives like Gang Four basically bought state Colorado Democrats nearly decade,1
placed people arrested upon suspicion immgration status tent city middle desert heat reached 141 degrees without proper healthcare nutrition died dont care define people see murder Joe Arpaio murderer Anything else say semantic nonsense man murderer,1
Neutral proimmigration politicians something like dozen consecutive elections essentially tacit endorsement status quo Watch CPC leadership closely Leitchs one really talking seems tangled weeds especially proImmigration Oleary sucking air room Notice shes careful appear antiimmigration yet even diluted message seems going poorly among CPC base arguably far heritage minded typical Canadian,0
Like needed another reason fly travel US,0
Lord giveth Liberals taketh away,0
remember insane headline one morning President Trumps inauguration Huffington Post ran headline screamed NUCLEAR CODES pretty insane,0
course morning wouldnt complete without hourly dose Anti Trump articles Brought friendly neighborhood newspaper Honolulu Star Advertiser,0
Keolu good come back 400000 tax payers working together dont pee leg tell raining Judge Judy everything Rail gone right would working together would see usversusthem nonsense like found enemy us,1
hypocrisy Liberals incredible Fair caved Bay street pressure tax stock options Millions government employees receive untaxed benefit incomeshare spouses yes contracts political exercise probably Gerald Butts idea polarize Canadian politics cares tax cheating loophole using 1ers right Except called cheaters heart Canadian entrepreneurship self employed Hurting hurts Canada government arbitrarily removing last 2040 years tax law hurting future childrens future Canadas future,1
want international free trade issues interprovincial free trade Canada,0
Says someone white house leaking stuff windbag farting,0
Ive successfully boycotting United Airlines since bankruptcy Thank goodness Southwest domestic flights Delta international,0
Maybe test Marxist gene completely unrelated intellligence thus eliminate variable,0
dont report police,1
Cant imported food originates either USA Mexico would constitute NAFTA violation Canada would dragged court would lose,0
Beachcombing turds TP discharge monitoring,0
MikeinAK26 Youre helping cause however revealing character,0
Since research notforprofits assume raise donors,0
telling truth,0
Republicans Republicans fool always fool,1
Ah see many hateful trolls left right blocked Disqus back face Trying civil best actually contributed conversations far cesspool description Disqus comments Denver Post allowed encouraged monitoring axing obvious idiots trolls,1
hope comrade chairman Xi Jinping pin medal chest brave lies defense resistance forgot mention catching reading CHANG HALLIDAY MAO BLACK BOOK COMMUNISM know western propaganda Good bye,0
think author demonstrated point well readers view signers ignorance bias disagree absurd petition responding,1
family controls company wants sell trains planes etc manner problem right point break law charge em like anyone else bet one Canadian taxpayer resents tax dollars supporting family controls benefits enterprise,0
city celebrates slugs trans,1
Rodney Almandinger least three dozen convictions Alaska Oregon Washington Probably places Almandingers shit,1
Im creature likely domestic terrorist Apparently white American one Thus Id hate delusional Trump decide right response atrocity attack Iran,1
Modi excellent PM Journalists pundits always think know better hundreds millions people testament hubris,1
actually true Olympic Committee policy transgender athletes compete based science,0
Alaskans going continue get screwed long capitol remains money pit Juneau,1
Exactly project never helping West side commuters TOD windfall developers theyre greasing wheels keep monster alive Watch gyrations money committees hearings extend FOREVER tax Wonder matter allme thinks,1
Thomas Trump speak Trump spelling Trump logic one parcel Nothing define plenty refine LOL,1
doctors advised government incorporate seek benefits lieu real raise vilification doctors including nurses course piece fat cats ludicrous Doctors work hard bright dedicated among lowest paid Canadians talent compensation basis Often monies receive practice pay equipment rent staff portrayed income incorporated doctors dont get benefits pensions RSP accounts pay full amount 28500 cap come close tax advantaged savings civil service also bear market risk DB plans cities like Toronto Vancouver make enough live well Liberal tarring essential profession name social justice,1
Get rid stupid song problem solved,1
Youre talkin crazy tonight Kearbear,1
RadirD per usual one calling complain providing due process Clearly commenter responded mocking Republicans TRump call Hillary incarcerated emails,1
Thank story especially rescuers folks working around clock caring precious,1
Koncerned concern troll imagining people ignore Trumps racism racism Republican Party verity ricknros comments Pretty steep order concern troll task Making apologies racism demonstrates one fact another racist,1
Much dollars go towards infrastructure improvements New water mains sewers etc jobs created agreed local businesses disrupted perhaps future revitalized core see quality retail etc replace payday loan stores Hamilton revitalizing Yes disruption hardship opinion add impetus Hamiltons revitalization,0
Whats erroneous claim used last years data separated unarmed armed used years ytd data doesnt make distinction unarmed armed think distinction relevant,0
bigger problem garbage academy nominates selects oscar winners,1
Amen amen amen Amen,0
think everyone buying GTA market speculating prices rise think price fall would buy,0
Dear Francie bit pinched today godless God Many us offended Hobby Lobby ad Hobby Lobby general believe God Jesus Christ would rather take next vacation Vatican private audience Pope Francis get inspiration daily comes Jesus Enjoy day Gladys,0
HEHEHEHEHE man guys sound like Obama elected first term imagine sound reelected,0
heavy hand deep pockets ACLU people Homer support,0
lightning arrestors voltage protection fusescircuit breakers current protection work well,0
ignorant dont know dont know often buy cars could fleet buyer dont knowthats ignorance snark made snide remark derogatory mocking often purchase cars snide remark snark Anything else youd like taught today,1
entire reason bought Tanks first place discovered hard way Afghanistan Tanks still relevant modern warfare 80 brand new Leopard 2A4s 20 new 2A6s 12 used Misc leopards parts result 2007 purchase,0
tax taxes based lies taxes created saying would etc 4 letter words lets review justin election would leave carbon provinces lie carbon taxes period based lie carbon heating earth lie carbon taxes reduce emmissions lie see BC proof canadian carbon taxes help economy thus lie year justin see lib lies never end thus carbon taxes 4 letter word,0
Rent controls dont work long term basic economic theory Rent controls cause landlords stop building new rental units causes rental unit shortage causes rents new units rise higher would noncontrolled market alternative control new units landlords dont build new units defer maintenance old units become uninhabitable point tear abandon NYC lot ignore market forces peril jurisdictions avoid rent controls obviously cause rental unit shortage Toronto one places rent controls New York City another places skyhigh rents shortages livable rental accommodation cities reasonable rents shortage accommodation basic economics,0
grateful Pope Francis made Magisterium teaching Vatican II irreversible change Magnum Principium Alleluia Vatican II alive well layman fully participate reignin newly ordained young Clerics Mass becoming one worshipping Lord taking strength Mass world Latin Mass nothing eliminating lay people pews puts Priest pedestal Amen Amen Amen,0
Wow embarrassing Fair Im 60s Joyce Whitehorn embarrassment older age groups ridiculous scene feels like catapulted back 60s people got beat hippies,1
hope inquiries take place taxpayers get true insight taken place women victims criminal acts stone left unturned find responsible regardless background,1
China relationship hypocritical friend mine living China 8 years recently sent letter slamming election Donald Trump US thought danger people electorate making similar choice China chide every university students perceived microaggression China exhibits real aggression seeking impose neighbors decry Israel building settlements China gets pass builds military islands disputed waters Somehow seems China big fail stand front Im sure dealing terms becoming de facto satellite correct,1
Speaking deflection Hillary tell Hillary look mirror explain happenedcomrade,0
troopers consolidate also control MatSu numerous cases troopers overreacting incidents Hatcher Pass One lady given citation reckless driving skiers back pickup get lawyer Another head stomped speeding stop Maybe troopers focused important could cut headcount,0
Let us forget Alaskans voted statehood statehood compact said State would paid 90 percent royalties oil gas coal development federal land supposed give state enough taxes support state small population promise broken ANILCA passed Democrats Congress signed law President Jimmy Carter lockup federal land Alaska ANILCA pulled rug hope ever supporting state resource development federal land,0
dont count Freddy arrogant pompous donkey attack impunity critical anyone posts opposing differing view,1
words great FDR fraud racist,1
Nothing said misleading say isnt unreasonable insisting including profitable companies investment portfolio isnt helpful answering question valuation make sense Yes course many thousands companies get kind hype fall flat isnt speculative penny stock either lot value daily active users 9 figures isnt trivial question value interesting analyses Snap focused high operational costs unusual questions whether might indicate inexperienced management team red flag sure personally idea whether successfully monetize Facebook good job Twitter far wouldnt put money either way pointing market nuanced view Ms Wente presents,1
Liberals idea hell would let CBC fend Trudeau joke,1
Israel needs Wall keep terrorists leftists West clergy NDP academics union leaders etc admit know wont admit,0
Stop Sylvia soon Thoughts prayers Thoughts prayers,0
gravy train empty Medicaid spending unsustainable,1
comment uncivil Seriously difference antifa left white supremacist right former exists mainly counter latter racist marches would antiracist protesters Yes masked provocateurs among left vast majority leftists show peacefully stridently counter typically physically violent racists carrying tiki torches chanting blood soil Criticizing white supremacists antifa activists alike intolerance risible considering leftists intolerant racism prejudice racists intolerant peoples existence Western society based solely visible characteristics cultural roots violent leftists form small part antifa movement broadly equating movement whole racist nationalist right exceedingly facilenot mention irresponsible,1
Burden Struggling US Citizens pay Illegals Wonder Democrat controlled cities states bankrupt Democrats wont win election next time Oregonians must sue stop state aiding harboring Illegals citizen voted pay Illegals,1
Youre fool Knobb,1
Philosophy logic taught well perfect accompaniments studies pure maths sciences,0
protest black black murders happen nonstop Chicago,1
vagina grabbing sex predator president rounding thousands Latinos maybe millions time goes along constant talk nonexistent voter fraud Trump afraid afraid burgeoning quickly growing Latino vote meantime poor huddled masses trying walk across miles miles wintry wilderness get Canada away ethnic cleansing purge Latinos America Soon ovens,1
Wrong Loser,1
RSouthward writes sure irritating two worlds major powers one appointment principled sounds niave alternative Trump strategy get knees nominate one Putins pals wag tail wait next instructions Vlad Invader,0
Trump ignorant,1
got ta suck Christy right,1
Yes plenty opinion pieces claiming end combustion engines thats Opinion pieces based active imaginations wishful thinking also supposed flying vehicles expanded space colonizing worlds light years away long ago none happened,0
HPD officers conservative using lethaldeadly force HPD officers draw service firearm unless personal safety safety public threatened,0
Canada one two partners symbiotic trading relationship planet specific numbers secondary huge surely everyone attest relationship mutually beneficial relationship mutual benefit unwise focus leverage Instead one emphasizes things unite two parties seek ways strengthen ignoring sources friction potential discord,0
weakening approval pharmaceuticals devices investigations dangerous empirical evaluation Cochrane reviews 2004 showed 478 concluded insufficient evidence endorse examined interventions repeated evaluation 2011 showed trend changed Medical trials paid overseen would profit drug trials sequestered leads conflict interest bias cases outspoken medical professionals attacked views attempt discredit harm careers Two high profile cases Canada involve Drs David Healy Nancy Ollivieri first criticizing industry general second stopping publicizing trial risks obvious high employers threw bus threatened industry repercussions,0
former President lot current situation Lest forget 1 EgyptLibya Democracy looks like 2 Middle East Lead behind 3 Syria Line sand 4 Iran Nuclear Deal 5 Failure gain status forces agreement Iraq 6 Ukraine could go regarding foreign policy errors prior administration dire consequences future time go work,0
Trump administration absolutely necessary application employment requirement Pathological Liar,0
Damn pisses much took long tests 11 years streets,1
suppose happens challenge theocratic rule Yet Trump gives country billions armaments hypocrisy irony laughable,1
President Trump needs get people run psychological operations keep lies going media streets allowing Obama holdovers delay discredit policy changes continue wasting resources witch hunts fishing expeditions looking anything give media use needs staff counter lefts warfare doesnt realize administration war hes smart people think Get twitter send really damaging tweets rock left Sending knee jerk comments doesnt help drain swamp Sending Tweet Mueller independent BFF Comey mix much daunting lefts efforts bluster TIme body punches Mr President,1
httpnewsnationalpostcomnewsvancouversgulagcanadaspoorestneighbourhoodrefusestogetbetterdespite1madayinsocialspending Vancouvers gulag Canadas poorest neighbourhood refuses get better despite 1M day social spending think would happen placed middleclass neighborhood neighborhood httpswwwyoutubecomwatchvaudzsuRMWBEt586s httpswwwyoutubecomwatchvwwJkqTZ5H_s httpnewsnationalpostcomnewscanadabrianhutchinsonthousandsofuseddrugneedleshavebecomethenewnormalforvancouver 4272016 Brian Hutchinson Finding used drug needles public spaces become new normal Vancouver,0
Read BS frankly dont give damn one sided opinion Youre right waste time,1
Youre still topic GB,1
Whats like living parasitical world Lazy bums like kind sent NK see socialism gets Probably bullet Good choice,1
Apparently survey questions missing determining Nat Geos happiness index like worry house next line forced invasion robbery worry car jacked gunpoint mall worry getting shot serial killer attacked homeless person local bike trails worry going pay property tax bill mayor sent worry criminals walking away halfway house street worry perverts dressed women following daughter public restroom worry Governor Walker taking rest PFD,1
Darn last post immediately deleted looked forward debunking opening statement,1
Ok Im finally getting Barneys free form insult schtick satire Trump right,0
would Bro say St Paul letter Romans Therefore God handed impurity lusts hearts mutual degradation bodies exchanged truth God lie revered worshiped creature rather creator blessed forever Amen Therefore God handed degrading passions females exchanged natural relations unnatural males likewise gave natural relations females burned lust one another Males shameful things males thus received persons due penalty perversity,0
never ever let state go bankrupt,0
Justin feminist fool Canadian women want men want many ways want keep hard earned money generous less fortunate want money thrown away partisan nonsensical less transparent projects finally achieve great jobs balancing family healthcare needs parents paying mortgage getting divorced etc want taxes continue increase dont want outrageous ballooning debts today dumped backs children grandchildren abhor governments whose method governance figure grab hard earned money wish Justin spent much time raising money Canadians fleecing business people meet raise money Liberals country want full TFSA back vehicle middle class Canadians save money tax free,1
Pres Trump never said despicable one saying garbage,1
Good comment Russia rich culture history unfortunately seems continually crippled corrupt ruthless autocrats prevent reaching full potential nation Every time people try pull new bunch gangsters manage seize power drag back Imagine things gone different last 20 years instead Putin Yeltsin succeeded leader strengthened Russias independent institutions rather bending Someone supported free press rule law human rights focused resources economic growth rather crony capitalism geopolitical games population natural resources Russia would stand major economic power rather oppressive businesshostile backwater whose real leverage terrifying nuclear arsenal,1
Fairview today feels better safer diverse Im sure Nelson would agree wholeheartedly,1
Hell done better job democrat would Take example Mark Begich replaced Ted Stevens soon got switched supporting Alaskans like Ted Obamas yes men one reason Mark oneterm wonder,1
supposed Arresting incarcerating homeless figure expensive treatment space public want spend money prisons mentally ill drug affected many homeless Shall spend money treatment even limited effect Shall take money spend military help funding treatment programs Isnt also national security Shall 1 gained nearly half new wealth leaving remaining 99 half taxed higher rate Sure homeless visible wealthy hide taxable income foreign banks homeless person causes 1000 damage trash compare wealthy person paying millions taxes upstream problem connect dots,0
world knows officials would anything power make bogus calls Kahuku Even help OIA refs Kahuku still grit heart never say die attitude Go Big Red,0
Rox offer Holland 1year deal multiyear contract also goes closer try find trade,0
Hillary tricked trump past many years hes saying thats hes saying hes admitting stupid easily fooled,1
Trudeau bought owned Chinese communist government Forget Russians NSA needs keeping close tabs anybody Liberal government full Chinese puppets,1
zoo symphony art gallery candidates trash bin Money pits elites promenade publics expense,0
spirit constitution originally designed give provinces balance power years Liberal governments weaseled undermine control areas like education health care resources actually provincial jurisdictions,0
GM continues policy fomenting open trade Consider minute Canadian inflation adjusted median incomes fell 1981 1998 trade expanded flourished Yet trade percent GDP maxed 2000 dropped lot since median incomes risen tells need know people reject free trade reject hurts government various cheerleaders GM included want put us back onto bad path,0
ummmmm charging someone refusing coverage needing coverage exactly kind immoral behavior ACA made illegal People like suggest others charged penalty circumstances beyond control really reprehensible Im supposed compassionate instead wish hard someday receiving end lack compassion others,0
work industry supply patients costs time,1
live Kahaluu tap water sweet clean Bottled water tastes like air comparison refill containers tap water rather buying bottled,0
97 year old correct others fought right president fans also right disagree make feelings known Athletes protesting think bigger picture police violence towards african Americansisnt really lawlessness one racial groups inability right ship,0
youre white supremacist want immigration laws enforced Mexico strict immigration laws enforce racist enforce,1
Lots options httpswwwgooglecomsearchqcookingslugsrecipeieutf8oeutf8clientfirefoxb,0
Never trust academic academics Joe average see problem clearly 60s filled universities draft dodgers rich elites crowding Canadians spots set aside foreign students dentistry Disgusting quota system Canada stolen us majority blind see Selfies face book ruin civilization,1
Good answer Never provoke mentally unstable,1
AFRICAN AMERICAN JUDGE sending criminal court obsession race pathetic,1
cant believe fool PM complete imbecile get office incompetence limitless,0
Writers write Well badly anything want Im old white man May please try learn Japanese brush painting cultural appropriation Oy,1
Stan people liars matter race class many Politicians liars Zuma faction lie use tax payers money pay British white colonial spindoctors invent new lies South African black population probably similar proprtion liars rogues race groups problem many liars rogues appear end ANC yes business people complicit dodgy dealings politicians also rogues also belong jail black people really always vote ANC doubt municipal elections proved otherwise feel sorry voting life penury state dependency,1
Like walking dead doesnt seem many Republican houses fall Hillarys broom pointy hat gender benderMarxist feminists latter sipping hipsters rise political dead election overyou lostget life outside whininggrow let rest us get living constructive lives unlike trite selves,0
delusional keep winning cause propaganda lies lib fronts liek working families vote buying PC credible platform ignorant didnt want accept reality latest polls pc 43 libs 25,1
class jerk,1
Wow IMO 3 crazy moves Cut Boss Cutthe best thing weve seen Preseason since PFMSloter bring back Brockwho flat cut CLEVELAND case anyone missed backup QB incapable backup QB CLEVELAND top Brock crapped bad CLEVELAND still going pay rediculous contract look good,0
either lying misinformed Trump said attack North Korea continue threats different promising retaliatory strike Look Well wait,0
wuts wrong casually u lie numbers without knowing also citing US border towns MEXICAN border towns asinine naïve mention thousands executions less 20 miles border IDIOT,1
insane imagine women seeing hearing Trump calling women fat pigs often seeing female supporters behind rally model material remember one lady basically stereo type white trash right behind televised tirade mean speech made laugh obviously seated send message donald little people would loved fly room watched playback saw women would spew insults missing teeth unkempt hair overweight wearing baseball caps type think hilary polarizing clinton name stink ridiculous begin husband big crime getting recorded crude frat boy discussion saying much likes assault women like gave russians ok hack democratic process,1
emphasis strengthening economy increasing inflation However purpose strengthen economy increase improve living conditions effect developed countries effect inequality income lower income better living conditions across 22 developed countries surely emphasis concern low inflation stifles growth course low inflation means less money transferred inflation would seem desirable Inflation transfers wealth people control others use inflation transfer wealth Surely discouraged boost economy high inflation cost losing money Zero inflation clearly level playing field central banks avoid,0
Article article damning examples rooted day day yet still find people like Hadebe writing condemning findings antiGupta rhetoric heshe seems fairly intelligent Scary isnt,0
whole business stinks like yesterdays diapers,1
wish Linda Santos well hope longtime employment Honolulu Zoo help succeed new position,0
lol Breitbart find articles like Obama Manchurian Candidate greatest conspiracy world history carried reallife Manchurian Candidate President Barack Obama Yeah conspiracy site,1
legislature ALWAYS finds room frills one issue parties agree,0
420 Memorial Day may honor Father service country regards family Gary,1
Virtually one worth weight state wants get involved political machine chicanery embedded fabric People busy working providing getting takes certain kind narcissistic low life think ought running things small detail serving representing people ALWAYS seems fastest detail FORGOTTEN types office decades rotating state county state ad nauseam think pessimism well founded available evidence Cheers,0
Young dumb,1
taking lessons EskimosIf youre elderly sick longer able contributethey leave wilderness move Interesting Republicans wanted move fast CBO estimate results full analysis would reveal deficiencies version senate go McConell different Trump hand puppet expect much senate CBO analysis front see potential impact people losing coverage mean seniors 60s ones preexisting conditions probably getting brunt increase premium expenses youre SSMedicare worried worried,0
Hope individuals reproduce,1
Thank comment Outsider77 case misquotes actual quote recorded misquotes matter opinion lies point Donald Trump liar based career lies may call personal aspect consider germane qualification president policy disagreement accept calls question basic ethical foundation consider built sand duplicity respect intelligence Outsider sometimes think holes allow primitive impulses pass entirely suspicion hope true Otherwise think smart entertaining raconteur,1
people engage trolls effect would markedly lessened,1
Supply side economics results trickle based false notion wealthy investment class job creators reality consumers system job creators give investment class tax breaks subsidies want isnt demand product wont create jobs produce product several decades Reaganomics Supply side job growth slow wages stagnant best Investment money mainly goes Wall Street become big casino rather vehicle capitalization industry like stagnant body water oxygen encouraged rise top suffocating life water needs stirring healthy body water supports life,0
agree Margaret two social trends make life much harder young women prevalence acceptance binge drinking men women easy availability pornography young people first lowers judgment men women ages second may normalize aggressive sexual acts combination may make life difficult dangerous young women wife daughters married women managed walk mine field young concern grand daughters pass younger years perceive difficult time earlier generations due changing social mores,1
know teens discussing sex issues amongst since pond scum sex stardust started human species Look free condoms box way,1
Nowhere Holy Koran facecovering mandated Westerners almost always liberals claim allow claims religious interference simply display ignorance,1
woke returned house find overwhelmed strangers would first call police removed arrested finding illegal aliens nation different removing nation different,1
Ignoring Richard Nixons Southern Strategy brought white Southern Democrats Republican Party arent,1
Mr Trumps loyal supporters neoNazis viewers Apprentice dont honestly think media making stuff upyou know better Everything NBC ABC CBS WaPo NYT said far proven true media disaster Fox News Seth Rich conspiracy,1
didnt get yesterdays news already hell Hahaha,0
smoke mirrors confuse seems working end game DT doomed failure,0
Theres kernel truth buried pile trite generalizations,0
stands Indigenous policing another government program financed Ottawa province backed rule law Reality old agreement beyond rule common sense One question screams telling point strange anachronistic Cdn view protection vulnerable heck Mean Backed Rule Law Absolutely stunning revelation laws Aboriginal Women disappeareddied undertow article exposes situation Weakest Aboriginal Communities likely stifled victims read Female earth Cdn Govts Aboriginal Govts playing vulnerable Human Lives Stake new directive responsibility money Cdn Human Law less elitism Leaders Cdn levels Govt preponderance Aboriginal Leaders governance order,0
got wife dead rights plea deals getting charged Aiding abetting hope culpability less animals Beast humans walking earth,1
Liberals sure CLUELESS Temporary Ban get 6 countries better vetting COMMON SENSE gone looney left seem want destroy Mr Trump country selfish NOTING Immigrants PUBLIC SAFETYwake SHEEP Im SICK loser left cant handle Hilary lost Time GET Work together make country better fools want destroy Trump turn destroy USA idiots,1
Gary wrote always amazing sad smart people stupid things article accuate Mr Hammer joined club overcome severe problems reading comprehension perhaps could find friend explain,1
laughing braindead types believe OK falsely accuse Muslims havent shot bombed anybody Ive lived 12 years Youll perhaps disappointed learn time havent shot single person bombed single place done 50 previous years Ive lived Michigan Missouri California Mississippi North Carolina Recently someone angry online background check hoping able proclaim world scoundrel came witha fixit tickets cracked rearview mirrors OOPS long list crimes think could accuse think likely MIGHT,0
Hillary Clinton said corrupt serial liar evil woman chose Trump someone wasnt investigated Two reasons article voting Trump say something enough times obviously makes true sad shameful day Michelle Obama 2020,1
overthetop reaction looked like Walloons would kill earned welldeserved nickname Hysteria Okay yeah worked didnt,0
History show case,0
Sub human People quotes Ive got news Kim people human anyones humanity questioned given total lack human qualities compassion care others empathy express post Go back facebook stalking petty little troll,1
article said well drilled 20s 30s probably even could find drilled company probably long business events like gold king mine tell need companies engaging mineral extraction similar activities risk environment need set money aside fund clean messes left industry amount contributed vary based number incidents motivator industries fight sub par practices,1
complete fool president,1
Speaking old fud httpwwwurbandictionarycomdefinephptermOld20Fud think one coolest things Ive seen lifetime emergence nerd girl young back Summer Love brainy academically inclined girls could look forward teachers librarians nurses Today look forward maybe next Sarah Parcak httpsenwikipediaorgwikiSarah_Parcak,1
CUCK FUCKSHITCUNT,1
think word vacation clearly sets forth suggesting 2000 per person according Expedia plus cost replacements Cuba Im suggesting taxpayers Eugene paying five ten peoples vacations insufficient money properly educate kids 4J least according teachers unions even consider possibility Eugene going send kids school teachers teach 12 hours per day thats find successful Cuba absolutely ludicrous Eugene 4J cantwontisnt sure send kids school minimum required State law policy 4J weaseled meeting standard last week,0
isnt Trump issue government issue sides,0
article raises valid concerns Congestion road use charges easily calculable levied vehicle becomes tracked node Internet could provide economic pressure required effectively promote use transit ridesharing trillions dollars real estate value currently dedicated roads represent massive subsidy commute car relative live city walk justify levying substantial charges automotive commuters addition cost advantages living city end ICEpowered vehicles also make cities livable reducing toxicity air believe marketbased solutions problems identified Reguly readily available,0
Citizens Get phone elected school board trustee tell ignore request ehholes Globe Mail get Richard Gwyn fine books Sir John refute everything idiots saying garbage others like,1
Nice writeup Jamila welcome American citizenship also CCO Ill skip great comments potential voter fraud plain old apathy FWIW electronic voting machines arent connected internet cant hacked though could tampered sense votes could erased machine plain disabled digress Yes many precincts understaffed precincts barely voters mailonly precincts well dont know issued LOT provisional ballots people werent even registered vote insisted allowed submit burned ballot Waste time everyone Pushing voter registration seems place start lot people following election complaining never received ballot Americans dont respect comfortably ignorant,1
Oh give break Liars everywhere particularly CNN Stop partisan baloney,0
Grizzly think need nap Speaking control future conservative politics Government media Fox News Fair Balanced Drug Dealers steal OxyContin responsible heroin epidemic Repugnicans Democrats responsibility deal problem Donald Frump Mexicans Mexico sends people theyre sending best Theyre sending Theyre sending Theyre sending people lots problems theyre bringing problems us Theyre bringing drugs Theyre bringing crime Theyre rapists assume good people Sounds like Kasich right Donald Trump pretty much said Mexicans least Mexican immigrants bad people Persons like work straight Trump play book Mention fact insert lies deception deflect insult necessarily order,1
Liberals throwing hissy fit got clocks cleaned reality TV star Nothing nothing less Shameful,1
Summer good time numbers helps HS kids get employment Unfortunately industry rows boat dont poke holes,0
photo North Korea says dozens people background either side skinny gaunt look undernourished emaciated troubled metabolically wounded middle like grinning pig plump overfed boychild bulging fatty cheeks bulging fatty doublechin casting shadows like fat overinflated innertube obesity bodys midsection photo North Korea says,1
crap never ends,1
Yes Yes rate comments bet reply also require rating case final post DP forums,0
Anyone protesting first amendment traitor brought charges subversion USA,1
politics stupidity handicap Napoléon Bonaparte Liberals need take advice routinely give conservatives consequences divisive rhetoric attempts score political points also inciting violence Gary Bauer,1
really want know dont enough money roads stuff need look government spending healthcare Since government decided wanted start paying peoples healthcare rather people paying gobbled massive share money Leaving less less anything else,0
Thats happens put amateurs charge affairs arrogant listen professionals spent lives subject,1
done stupid things Whats important learn stupid mistakes running late late become wouldve better served drive hes supposed Hopefully lesson learned,1
Another secret budget greedy GOP serve donors certainly citizens Last heard budget cuts services programs including education cuts 1 trillion Medicaid Medicare providing huge tax cuts Trump wealthy cronies course GOP budget still closely guarded secret Im sure much Ive heard true dont doubt screw mainstream Americans doubt tank economy paving way huge tax cuts wealthy Disgusting ploy current oneparty antiAmerican tyrants party ugly IMO,1
3200 ACRES OPEN ZONING ANYTHING BC CHECK SITE LOVE AGRICULTURE NATURAL ORGANIC ANCIENT PLANTS BEST httpssitesgooglecomsitenaturesgalleryresort,0
Crying racism become knee jerk reaction blacks libs anyone puts forth opinion disagree counter racism might seen thread check many comments might want look mirror someone allowing racism persist word racism quickly losing impact overuse hyperbolic libs like ten months Trumps presidency cant wait see unhinged guys become next three years,1
serious Obama King empty promises lies calling Trump bad example laughable,1
fault Trumpublicans,0
LMAOwhere past 8 yearsAnd Im racist thought lousy president thought Klinton lousy president wellwhats make community organizing Shicago wonders didnt obama honorable corrupt administration decades honest keep doctor plan etcetcetc famous honest proclamations Compassionate putting police citizens danger siding criminals like son Trayvon wasnt paid compassionate paid President country accordance authorities limitations enumerated Article II Constitution phone pen notwithstanding LOL true statesman last November laughing stock world past 8 years Paleeesewake,0
Every share price posted anywhere adjusted splits Normally company go back adjust share price website splits major suppliers financial information like Thompson Bloomberg major charting service Catou happened find site listed share prices without taking consideration stock splits cant help finding misinformation proper way state purchase sale prices current quotes stock always adjusting stock splits Thats given Otherwise almost stock around decade three every time mentioned share price would add adjusted x 1 stock split 275 purchase price stated BNS standard financial practice nothing unusual whatsoever confusing anyone see BCE example posted earlier,0
Nothing shocking tRump much much worse typical twoface lying politician dont believe tRumps tweet Newtown mass shooting 2012 says allPresident Obama spoke every American remarks Newtown Connecticut,1
jurys still whether glyphosate cause lymph node cancer studies say high exposures cause cancer studies dont substantiate,0
doesnt sound like speculation SA Sports Breaking News headline Offensive line coach longer part UH football staff,0
Pay play Hawaiian style Yes Baker long viewed one dirtiest legislators around arrogance ignorance make worse longsuffering tax payers allow happen,1
Hey Judges time locking guy away long time,1
long opens stoopid mouth belittled least candidate Gary Johnson honest enough admit clue Allepo idiot president great pretender followers part grand illusion,1
Pat Robertson blaming shooting people disrespecting Trump flag bad hasnt fired,0
nice see former supporters electoral reform upset Maybe supporters stop glossing ticking time bomb trajectory countrys finances emerging tax nightmare,0
would like saying Schindlers List underwhelming Diary Anne Frank Sun providing new information idly curious speaking people allowed voice preserving story part human record perhaps worst film review ever reveals hardhearted detached wellfed rich person USA become,0
Really protestors incarcerating individuals legally USA told,0
Global conspiracy Something much worse vast right wing conspiracy see Trump supporters caught web denial Clinton supporters 90s part still Couldnt happened consensual politically motivated etc etc funny though many people go long public careers accusations others one damn thing another funny thing year ranting raving Mexicans Muslims deportation squads building wall Mexico pay insulting POWs Gold Star family threating renege national debt undermining NATO using executive power punish individuals businesses exploding debt huge tax cuts finally sinks good,1
Hes clown clowns seem taken seriously days lamentable trades legacy established much admired lamented Ted Byfield started reputable first class independent Western Canadian news magazine long way,1
get lot forensic details letter like DNA Fingerprints type paper paper bought also whether printed typed doesnt sound like threat safety likely put back burner since HPD investigators still backlogged busy trying solve expolice chiefs missing mailbox LOL,0
Stumblebums civil servants pulling fast one Butts Brains Trust,0
lived Hawaii Kai since 1989 never voted never,0
seem angry unwilling allow others speak,1
sure gun talk people say attack jber people ride around guns bicycles,1
spend time discussing minutia pot legalization ignore elephant room time legalize marijuana take taxes earned fight real problem result prescription drugs real killer time get rid hypocrisy drugs,1
nice see recovered election sore loser anymore,1
thought early campain groups Americans especially conservatives sue Donald Trump abrogating election entered stoke ego claims inteligence understanding issues facing America world consistantly shows uninformed unprepared questions policy substance action impeded candidates focus purpose form heard considerd never expected would stoop school boy bullying tactics heard short Trump robbed american puplic chance choose conservative whos values idealologies represent majority conservitives kneejerk reactionist handed White House liberals,0
ideological position prevent learning ANYTHING outside MSM propaganda plenty malevolent social engineering Globe daily Russia China starters,0
Nowhere Liberals claim would governing 20 years touchy highconcept Trudeau Liberals going around 20 years make plan 20 years knowing full well 2019 longer power implement plan either arrogance stupidity choose,1
Jennifer racist bigot sadly doesnt possess intelligence distinguish legal illegal immigrants,1
Fairbanks four let early even though guilty sin,0
shoulder outside fog line sounds like suicide ride,0
terrorists Saudi Arabia House Saud members 6th century feudal control sponsorship terrorism,1
travel ban focuses damage states economy mainly tourism Yeah SC going take tourism concern idiots,1
trusts father like kids doesnt need mother feel safe,0
racist hate slur call white people would advocate turning Asia nonAsian Africa nonAfrican would GENOCIDE get White countries say ANYTHING turn EVERY white country nonWhite GENOCIDE defined international law SAY antiracist ANTIWHITE AntiRacist code word AntiWhite,0
Ms Lela suggest consider taking remedial high school classes math science embarrassing comments like vast majority world scientists given answer question huge amount CO2 released atmosphere human activities ventures dont like answer science credentials Masters Doctorate Sorry dear scientists group apolitical people come scorn politics world revolves around facts analysis Whats basis assertion scientists politically driven,0
right Canada going withdraw NonProliferation Treaty Britain France engage extensively upgrading nuclear capabilities unclear real intention engage response would proportionate able rely United States global leadership defense democracy agree Trumps apparent position Russia problem empty rhetoric doesnt impress response,0
son knife pulled park called police reported police nothing called said pot showed arrested two boys drug dealers punks drove park security vandalizing truck Glad see police see problem,0
Thanks report Jennifer owned Riocan long timebefore became Riocan RIFF,0
Well lets start ownership Rogers owns team Js part corporate use conduit sell wares decisions affecting baseball team viewed corporate prism meaning affect bottom line Rogers business Ownership know never going tear though logical thing given roster Purely corporate decision whats best team priority best Rogers,0
stole Drumpf name John Oliver showI dont like guy either parrot polly says hypocrite,1
Seriously thats rude disrespectful,0
Going well laundered money ultra Sunshine List guaranteed jobs one go incredible debt afford place government broke 35 population could live without next paycheck 30 depend government cushy job seniors dipping LC pay necessities continue nighmare seniors place LTC inept politiciansad nauseum ad nausem Traffic nightmares carving prime farmland millions moving increasingly smaller spaceslolI know local weed potent stuff 80s comment takes cake planet Glen,1
Female genital mutilation practice taught islam tribal practice grafted islam regions Youll note practiced arabic nations concern women children homosexuals sincere merely rhetorical ploy support position,0
daft point ReMax stuck past must high schooleducated housing shill upset,1
youre talking goofy,1
appreciate actions using racial slurs Glad Osborn told knock recurring students banned games,0
Theres good old BC Liberal smear tactic doubt racist cant blame though tactic worked well developer pals sold province Christy showed true self went back word asking another election reversing virtually every one election planks try buy way back power Sorry thats 100 craven,1
revelation almost takes breath thought people vetted high office expected highest integrity also adults obvious conflict interest appalling hope issue receive highest scrutiny,0
sanctimonious Pope needs STFU hopeful migrants accepts 100000 Vatican City,0
Good God Motley know story minimum sentence arson 5 years case repeated arson federal property proved along charges reckless endangerment hunting season hunting without license taking game far beyond limit threatening witness people complete jerks control criminals couldnt legally even owned land Hammonds deserved five years longer allowed lease federal land get,0
Christian happy Glenn Beck followers dont want come Portland hateful brand isnt Christianity,0
flooding country immigrants thought shortage people labour Halt immigration USA Canada,1
course arent talking offense one person Nice try apologizing racists failed,1
Rhetorical question even speed bump empty bit 72nd connects end Meadow Brayton Emergency crews going enjoy one,0
Glock also works effectively stun gun cant pull shooty part,0
Stop think second still people stupid enough legalized pot Must something Alaska water,1
ludicrous man served parish church since 1981 35 years deacon give exemption remarry told attend services former parish get rules Dr Weigel perfect example rules sometimes need broken perhaps rules outdated giving Dr Weigel exemption takes papal intervention Pope Francis needs step forward cause US bishops real discussion priesthood deaconate actually think creatively proactively proposing realistic rules fit modern world people live day age bravely propose Pope Francis Act heavens sake,1
Toast work isnt consistent throughout year go hard couple months sit month work contribute lots dont work contribute guarantee much make year year wont fill reduction source forms gotten 5 figure refunds know beginning year much get contribute particular year dont think anything wrong record use money max TFSAs money left goes RRSP contribution room available,0
Lastly real fans team know see TV read rumor mongers people making fools clue happens Avs territory least Denver Postwho doesnt even regular beat writer Avs anymore Quit whining ignorant media real fans think based actual true facts team form opinions intelligent insight instead spreading sickness uniformed media Dont depend media spoon feed likely poison Avs fans read hockey internet every day ashamed commitment team stands Avs unknowledgeable uniformed uninvolved unloyal fanbase hockey cant put stamp yet Avs fans deserve team least team integrity wonderful fans Joe Avs,1
actually BATFERBF Bureau Alcohol Tobacco Firearms Explosives Really Big Fires Revenuers Brown Shirts real difference unConstitutional organization,0
Despite fight brain cancer John McCain lot sharper swamp creatures Washington drained,1
Ask CNN dont egg faces whole omelet whole Russia thing ratings ploy,1
Side note moderation bot sneaky asked rate comment much three times one sequence Presumably inconsistent Ill sanctioned dont know funny pathetic,1
cost relate student count sometime hard realize cost facilitates related use facility number students account increased budget leave,0
participate making Canada kind standard saying old stock Canadians entitled justice basic human rights Moreover talking letter law legal fine points talking big fat legal principles like habeas corpus fundamental human rights including basic expectation one tortured Canada liable acquiesced Khadrs treatment despite warned Supreme Court lesson Khadr case high price paid ignorance spite,1
comes Trump liar nothing new tried get Comey stop investigation Flynn Hillary Clinton right Russians DNC servers etc Keep going Mr Mueller Youre getting closer bull goose looney,1
One like DA trying draw comparison DA ANC based mini scandals ridiculous best likely deliberate bad faith way reaction De Lille far completely unsubstantiated scandal immediately suspend party activities investigate way compare ANC handling Nkandla,0
cleanenergy future comes significant costs Canadians Oh well drinking water earthlandscape decontaminated poisonous minerals deposited mining corporations clean riverslakes took decades rid chemicals large corporations word polluted waterways Meaning never mind significant costs,0
SeaBiscuit love,0
come mister youre like Trump steroids Comb little hands l2g,0
outside picture Khan Soros globalists rub hands together sipping iced tea WAG DOG 20 left painting image world falling apart load crap Khan got 300 million us island pay Ok done,1
Johann ZengerDoes improve popularity LIKING posts,0
Racism like judge whole group people characteristics Im sure see irony statement might assuming much,0
appreciate person stands believes teaches people bible US though separation church state law constitution Churches shouldnt determine social laws separation clause ACS done well think Prevo focuses bible based teaching continue well influence another generation Christ believers,0
Potters fauxpas reproducing hasty generalizations Québec society op ed piece seen unfortunate apologize recognize fault intellectually honest thing like published peer reviewed journal solid prestige Maclean exactly higher power nuanced analysis political society find McGill showed true colours institution cares shutting controversies instead allowing constructive transformative discussions surrounding tensions issues matter Potter could made fauxpas one turns outwards instead inwards seeks ways dialogue people viewpoints McGill would rather seek culture silence sweep rug dissident views Im confident Quebec society thrives whereas McGill seems lacking real respect academic freedom right disagree public debates,0
necessary chairman committee get things done Congress,0
really need public holiday Columbus indigenous peoples People parades Saturdays commemorate whatever want similarly need federal holiday Martin Luther King dont federal holidays named individuals,0
Mr Carey really enjoyed reading trip New York one favorite pieces ADN many moons one interested Carey walking tour,0
TDW good chunk taxes goes pay polluted air people like seem prop Wasnt article Globe day costing us billion year seem ok driving around pick_me_up_truck poo pooing EVs pay dirty habit object something trying eliminate,1
forget said however wrong least one popular case figuratively occurring guess,0
everyone pack gun way purp needs think twice person jack fire power,1
Yeah bet believe assistance comes without price Wow,0
Congressman Young facilitated federal restrictions passenger fees could spent measure related port security back 2002 thereabouts federal law provisions make fees collected local government dedicated fund contrary Alaska Constitution limit allocation funds projects activities promote safety efficiency cruise vessel passengers Obviously using funds construct large passenger wharf sanctioned federal law Using funds activities unrelated safe efficient movement cruise passengers would violate law Whether using funds park used part passengers open question point lawsuit decided worth noting fees question paid passengers cruise lines cruise lines even standing challenge fees collected passengers cruise lines,0
trained say inane doesnt bother anyone,0
Id rather Tebow back Lynch Kaepernick matter,1
situation urgently requires grace impatience link Bishop Maurice Taylors letter Tablet httpprotectthepopecomp9975 Apologies nutty conservative site original letter Tablet behind paywall Bishop Taylor kept Winning informed Benny South American Cardinal didnt even speak English Winning could gruff intimidating guy went gunning South American Vatican Apparently walked canteen confront South American made swift cowardly exit door Winning panned anyway announcement made old translation dumped Bishop Taylor sat openly wept front Bishops Vatican stating lifes work thrown dustbin Taylor supported campaigns Tablet ACP get new linguistic monstrosity binned,1
Comey complex player Trump much less tweet embraced part Comeys testimony liked claimed exonerated call Comey liar rest anybody trust Trump lies exaggerates misrepresents facts every turn,0
china uses north korea proxy make trouble US could control clown really wanted,1
Amy Demboski liar hypocrite welfare single mom Denali kid care condemns practice socialism social programs help need keeps people streets reduces criminal activity keeps safer much better community outlook Remove programs EVERYONES lives suffer worked hard life great job good income HAPPY pay taxes support programs Hypocrites like Demboski working advancement putting lifestyle jeapordy,1
Hardly women wore burka West Africa two three decades ago However least 14 people killed 74 injured bomb went outside crowded market Chads capital NDjamena couple years ago Nine victims women sold goods market another police officer suicide bomber man concealed explosives wearing womans burka also killed Earlier summer soldier country Georgia two Afghan civilians killed Taliban suicide bomber dressed burqa rammed motorcycle international convoy years ago burqaclad female suicide bomber Pakistan lobbed hand grenades detonated explosive belt among crowd aid center killing least 45 people militants latest strike authorities control key tribal region bordering Afghanistan,1
one 4 virtues spell check,0
Oh right purpose Freddy know youre Republican Ive read negative Trump posts areas ADN could care less affiliation Regardless whether like Trump hate share similar characteristics opinion Ive noted,0
15 year old Khadr goes Afghanistan Kill Canadian American Soldiers gets caught sent prison give 105 Sounds smart Mr Kadhr dare Mr Trudeau ask Canadians Thats money playing,0
Maybe hero Bengal country yes without question ps responsible feeding Bengal Britain practically last gasp world war,0
care treat whether nice consensual sex life adults wish Catholic Church would focus many bullies purport Catholic especially among Catholic right find rich American EWTN Catholics lecturing people beliefs given blatant disregard Matthew 253146 think central Catholic faith denying divorcees Communion,1
apple never falls far tree admire despots dictators human rights abusers UN loves,1
Doesnt really matter first dead strategy httpsenwikipediaorgwikiSouthern_strategy hint racism media pounces word gets interesting see Congressman Pittenger gets reelected NC stupid racist comments yesterday words stupid racist go together like peas carrots peanut butter httpwwwnytimescom20160924uscharlotteprotestsrobertpittengerhtml_r0,1
must remember convicted violent crime mean commit capable committing violent crime would assumption guilt evidence supports Everyone earth 10 year old 110 year old capable committing violent crime demonstrates truth reason treat nonviolent offender like violent offender Id even argue shouldnt even prison systems,1
Bali baby never put least first three months life includes time spent sleeping Peterson said first three months baby considered still heavens country kill throw garbageGreat,0
boor cant think anything relevant say policies supporting,1
one finds surest way break legislative log jam Canada US threaten eat legislators vacation time disturbing,0
Trump developer 30 years ever TV tv movie stars really didnt accomplish anything hit screen,0
action gesture mankind sue kneejerk reaction undermines serious efforts protect public environment washed hands thereby greatly reduced biological diversity expect lawsuit group Also poignant attorney might considered totally frivolous lawsuit Mr Sakashita,0
problem Broncos listened Theres nothing worse team thinking Team B loser Team B nothing lose Team gets cocky,1
Young people need vote larger numbers,0
Couple thugs getting together comparing notes gives comfort,1
emoji sucks,1
vote due deep Patriotism love country deep roots country one main tree branches helped build one 1st churches Boston Im proud Atheist one aspect makes USA great place vote best think EC sucks eggs 2 cents,0
clarify seek criticize hatred behind comments please state record condemn antiMuslim hatred condemn hate motivated murder six Muslims Quebec,1
Chronic pain worse death sentence Untreatable idiopathic pain destroys quality persons life also individuals ability function even basic level bunch stupid idiots decide use prescription painkillers get high escape reality people legitimate need pain relief stigmatized potential drug addicts refused medications desperately need survive paranoid medical profession cant figure assess monitor maintain patients intelligent responsible use pain relieving medications Id like give pain doctor see long theyd last writing prescription kind pain killer,1
Better democracy representation corridors power ordinary citizens theres specific everyday way creating happy circumstance Clearly way many lawyers inaccessible halls Parliament nearly enough lawyers available everyday Canadians grassroots level cost hiring lawyer prohibitively expensive majority obtaining justice court law impossible Canadians Millions victimized personal injuries human rights violations crimes Canadians unable obtain rights government bureaucracies obtain compensation court therefore equal justice democracy majority need demand access lawyer first responsibility government protect citizens without ability hire lawyer many legal wrongs Canadians suffer time democracy,0
couldnt hear Ems fireworks mortars near neighborhood still going suppose must nice live source noise 100,0
annual property tax assessments Vancouver,0
rules detained already exist dont provide Mandatory detention people committed aggravated felonies Also wed pay higher taxes pay detention centers cheaper us people outside working putting detention center long periods time article refers,0
minority government face trumped contempt charges dont majority status committee vote motion party motions dispute finances defence procurement offered Conservatives package tied traditonal standards previous governments delivered opposition wanted estimates provided much different system based wishywashy theoretical projections inflate cost estimate Conservatives wouldnt oblige entire world governed parliamentry systems shock reckless vindictive use procedure used Liberals NDP wasnt necessary compromise reason always solution Liberals opened door dig grave ever form minority payback time contempt permanent fixture Canadian politics,0
outpoor caring existed Booker still alive likely would sill us stands circus reeks hypocritical grand standing fake outrage,1
laws regarding size homes utility requirements passed special interests everywhere United States real estate agents utility companies builders etc dictating live size homes requiring us use services lots small dry cabins parts Alaska already alternative toilet facilities city require much closer regulation fantastic composting toilets including solar powered ones turn poop powder Human waste composted kill pathogens full toxins waste safe,0
Sometimes method dealing bully point someone stands bully bully gets knock bully isnt bully,1
medicinal properties brings misery Nice generalized statement TROLL well known 2 different main strains Sativa Indica High Stoned respectively 2 completely different effects amount misinformation almost overwhelming easily searchable,1
Chelsea sounds thinks speaking anyonesomeone gives crap say,1
vote Republican 6 Rs voted going Iraq 126 Democrats voted Bernie Independent also voted believe Mr Mrs Khan talked DNC Muslim Trumps hateful position Muslims brought Theyve listened trump find morally bankrupt Get,0
pretty much every time national introspection elites feed us first paragraphs huge steaming plate full America evil talk Look madam drop America obsession already polls recent years shown Canadians 50 percent likely antiSemitic bigoted Jewish folks Americans glaring statistic beyond parochial beyond reason shove America forward key bigotry trends Canada Give rest want Canada get introspection mode yikes talk Canada Canadians first many paragraphs later mention last paragraphs whatever foreign matters like far right France American Republicans mature introspection obsessive reflex point America first foremost instead parochial derangement maladaptive flaw Grow,0
website several news sites Nazi based pictures symbols website mother said thought going pro Trump rally know son Nazi white supremacist accelerated mixed race group marching peacefully downtown protest white supremacistNaziEtc rally,0
way mainstream journalism survive demonstrably better done activists others want use play politics way happen success journalism based individual merit rather questionable collective identity Playing identity politics practising mainstream journalism polar opposites,0
yet 11 years later still bet could fill 21hr position someone willing 15 Lets honestit doesnt take great deal know put bottle shelf use cash register,0
Youd love matter whatYoud love ate dog sht licked fingers shot old lady middle street middle day,1
Simply wellendowed girlfriends uh huh loved show assets healthy doesnt mean dying article said incapacitated man gets thrill strange argument viewing mans private parts point death Even weirder dont know difference friends people gushing corpse John didnt say anything derogatory nasty comments made irrelevant invasion privacy disrespect dignity someone dying someone dead point inappropriate unprofessional demeaning gross Theres name people get thrill looking dead people compliment,1
post uncivil matter agree rank ornery maybe learn tRump completely unpopular leader crisis claim acts Christian Fuuuunnny Although atheist much respect true Christians hypocrite tRump embarrassment country real people faith practice worship,1
allies become occupiers suspect weve passed boundary Afghanistan course government kowtows us greasing palms ordinary Afghans think answer dont care think Karzai right treating less human beings,0
demographic afford pay half million three quarters million dollars residence suspect Montessori similar schools likely educational choice many elementaryage children,0
thought charter rights citizen important citizen violated charter rights citizens function prisons social network system,0
Kim NK Duterte Philippines must laughing us,0
lock,1
counterpunch insane clown Donald Trump asset citizenry,1
shame best Dems could muster Trumpocalypse mistrusted Democratic candidate history already hinting shes flip flopping back favor TPP corporatist garbage voters reaching torches pitchforks sure losers coming election American people least 99 Democrats Republicans dont work,1
Trump really understood business would stop trying intimidate executives corporations silly meddling management decisions free market depends skin game making decisions Meddling outsider hurt businesses economy,1
Ha Islamphobia sounds like type disease problem word absurd sounds stupid Muslims partitioned,1
course police justified sending 10 slugs Rodriguez Dont even waste time thinking Hey man Rodriguez sue fg pants guys city Nobody hears talk deescalation respect life know threat tried kill anyway Man hope make jury get called Man would love find favor least ten million dollars Getting stuck bill understand life citizen cares,0
fact none,0
China got miffed US leadership full nutbars,1
TERM LIMITS,0
LOL classic Wolf Wolf Wolf credibility dwindles start prosecuting media publish garbage like media held accountable inaccuracy reports dont care right left position,1
Trump wants invite Junior White House play Barron,0
BS falsehood,1
like like comments Pigs flying friendpigs flying,1
Conservatives tend gloss fine points international law diplomacy missing keen difference constitutes treaty regarded international accord figured conservatives habitually take simple kernel truth turn packs lies deceit Paris agreement never structured treaty,1
would help fuckers caught immediately released Fucking SB91 bullshit,1
Homer doesnt get Hes brainwashed CNN,1
Pat Tabler mean know job Roger employee talk team owned guys sign pay cheque fans idiots Tulowitzki makes bad throw 1st late yesterdays game throw shoulda never made zero chance get runner throws wildly Tabler goes damage control mode shovelling lionized praise 1st baseman coming bag get throw right comment get Tulowitzki making throw Mondays game 172 laugher concludes saying every Js player hand offence guess hes including Pillars reaching 1st FC 0 6 contribution today Martin falls asleep 2nd gets picked horrendous mistake rather dumping Martin Hamiltons stupid attempt steal 3rd yesterday extols ss making great play Uh Martin messed 100 forget ss,1
Ben agree thing 2nd comment however call spade spade people thugs losers want better label become better people Im going respect way dont deserve respect,1
Fox news could said better stupid lapdogs live Hawaii understand immigration eyes Fox News Steve Bannon,1
Donald Trump far least popular presidentelect decades Trump simpleton believes world schoolyard playground bully makes rules entirely overestimates abilities Trump vacuous idiot traitorous con man,1
Thank support,0
real issue oversensitive students enjoy 15 minutes fame forget still need grow However college head caving juvenile outrage even hastily dropping master title sorry spectacle resign par course university administrators yet see one spine even single vertebra,0
Broncos make post season decent 1 win least offense turns mid pack better offensive performance Siemian steady work dont see staff going back competition thing Lynch different Siemian think McCoy likes type offense Siemian looks like Lynchs spread stuff Lynch might well competing Kelly back position,0
say turn home affairs around would current minister say work done sorting corruption need computerisation legacy Health dirty dysfunctional hospitals,0
Akkasey thks info Missed one,0
Stupid stupid,1
Using logic dont prosecutors use Hobbs Act go people steal cars dont make either,0
crooked,1
agree One would expect jock school like St Louis public school,0
course read post Harper snuck sunset Kent senior minister Harpers cabinet stepped put spotlight Im suggesting ask didnt,0
Trump disaster,0
Im surprised Jodi fact Im little surprised hasnt done already Shes thoughtful willing help,0
Another NYT leftwing elitist feels everyone disagrees bigoted world view ignorant,1
One biggest problems project HART cant seem get numbers right wonder whether explained reported two different amounts cash 33116 date reported cash 159111026 city council communication D42516 HARTs monthly report April 2016 however reported 158655626 difference 455400 checked dates cash 1 difference,0
would Mat Su,0
Ottawa reached 10million settlement Maher Arar Canadas role US decision deport Syria jailed tortured Prime Minister Stephen Harper scheduled make settlement announcement Friday afternoon also issue formal apology Arar behalf CanadiansSources told CBC government also pick Arars legal fees say Reform Conservative add hypocrite,0
Sorry post simply wrong Anyone IQ 80 ability read 5th grade level could done Loading ammo something 2 year old could Maybe 4 spring little tough Changing stock gun requires Allen wrench punch 6 year old could picture instructions less complicated LEGO building instructions Seriously guy could learned hour,0
getting arrested,0
else fails kick nuts,0
sound gleeful comments attempting put Church smh,0
Please attend local meetings homelessness even plan take training offered Egan warming centers see serious homelessness community,0
LFS engage forum gossip heck believe Eric admitted jjp58 confessed creating ambiguity surrounding gender identity surprised,1
Clinton vast majority big donors media side election every possible advantage including endorsements Republican establishment types media coverage Trump seen almost relentlessly negative top allegation Russian interference made top Clinton campaign official almost soon email leaks began presumably mainly deflect attention emails allegation made emphasized Clinton campaign election known voters well vote idea election despite Clintons many advantages support received media big donors lost voters made aware emails seems like form denial way Clinton campaign officials explain front donors avoid thorough selfassessment,0
Imagine corporation spending priorities CEO spending priorities President Eastern Division spending priorities VP Operations imagine employee looking paycheque trying determine net deposit account much lower expected welcome Canada Incwhere single employee faces three separate mission statements every day affecting take home pay executive assumes employee works,0
BUILD FREAKING WALL ALREADY,1
allies west lining time get UN support get mandate intervene longer Trump banging drum,0
true Oregon pornography statutes correctly require knowledge child abuse creation image teens exchanging nude photos arent prosecuted unless post social media shame humiliate Per article primary offense involved coercing younger victim creating sexually explicit image Totally different scenario,1
Yes segments population target 0 scams interest penalties late fees limit fees etc becomes endless merrygoround people subject yoke credit beats hell outta,1
think mass murderers going take time effort cast bullets go take lives youre one whos well fantasy land,1
Yes religious liberty liberty sleep ever chose liberty decide charity support believe nobody slave even part time another person kind liberty would tyranny forces person wish point governments guns unless possible alternative,0
HOT,1
Year year liberals pine abstract changes inside Really RD live country built liberals see back 1776 telling Continental Congress Go home clean stables,0
makes one sad see Bll inconvenienced marketplace corporation always good us,0
Progressives want win must make room women despise could hard would impossible given would little agree Pretending progressives endorse eugenics proxy kinship based gender people simply daydreaming,0
Trump lied repeatedly three five million people voted illegally would suspect would also think twenty million large number Give another weeks hell probably lying twenty million people voted illegally course impossible tell whats happening given minute inside swirling hot mess brain fact twenty million enough vote Republican congress Losing ACA time would high price pay long run cutting President congress would great thing,1
percent new ACA recipients able afford 56 K deductible Trump hates America Thats bizzare statement pain patient medical MJ,0
Lawrence many people England went bankrupt family member got sick many US many people England died didnt access basic health care US much England pay per capita universal healthcare much US spend better outcomes Finally would rather poor sick England US,0
Id say cant possibly serious probably one good thing Trump candidacy revealed many blatantly idiotic people midst PT Barnum least two orders magnitude,1
Deep pocketed extraction industries lots money throw around suppress attempt citizens Lane County protect right initiative process Attorneys dont work free big money made Stan Long William Gary ashamed cowtow moneybagsmasters sleazy attempt corrupt system works public interest LCBC Monsanto certainly sisters grimm Seneca,0
true result happened likely occur Bergevin doesnt see thing fan team style play given defensive focus team built around Bergevins thinking really interesting watch Bite tongue truth young guns Toronto sure livelier actually playmaking ability opposed watching Habs skaters zooming hundred miles hour corner chasing puck great viewing possibly equivalent following baseball team constantly leave runners stranded scoring position night night,0
Execute low life scumbag already libs love cold blooded murderers,1
arent going away seem time hate fear mongers particularly strong politically isnt reason fear extraordinary violence fueled modern weaponry available world wide course answer US make killing weapons available people rather take death dealing weapons away Georgia governor signed bill authorizing guns college campuses understand still forbidden offices administrators faculty legislators working fixing next year Globalization means learn live midst others dont look alike dont religious beliefs different culturalcommunity backgrounds expectations beginning wonder globalization even work,0
funny mainstream media totally acts didnt report wiretapping Trump tower arms whole RussianTrump conspiracy theory going right election think literally 2 days election reported wiretaps Trump tower dumbies pitiful well hear reports hearing Monday funny watch squirm theyre confronted propaganda evidence back Trumps claims man leftist dumb,1
Wespac misrepresents greed financial profit cultural Selling fish business Wespac uses trip cost recovery excuse sell fish caught restricted waters Dont go cost Wespacs intentions truly support cultural practices insure fishermen could recover trip costs would 1 Proposing laws restricting fish sales beyond necessary cover trip costs include mandatory observers insure sales limited trip costs 2 Proposing laws mandatory distribution balance fish trip cost recovery programs feed hungry distribute food needy 3 Proposing laws prohibit transshipment transferring fish domestic foreign boats sea 4 Proposing strict enforcement laws penalties include confiscation boats loss fishing licenses imprisonment violators wouldnt Wespac culture grown know,0
Sarah knew taxs would going fund school infrastructure long school year expanded curriculum might well vote measure dont kind assurance know Eric correct saying find ways offset profit call nonprofit instance declare labor cost business manipulate profit pumping expenses including small corporation Sen Grassley Iowa pushed losing nonprofit exemption comes multimillionaire evangelist example cases Ill say grocery stores profit margins thin Every company finds ways lower cost cutting labor compensation dont believe 97 would past cost dollar dollar untended consequence might lost jobs constricted wages low benefits etc good chance consumer get regard wage earners marginal industries,0
semiautomatic weapon isnt regulated Oh man mean walk gun store pick AR15 right moment background checks Cool 10 says cant Uh ohthat means regulated libtard lies,1
httpstakingnoteblogsnytimescom20150619lawmakerspushtoendmilitarytransgenderban Lawmakers Push End Military Transgender Ban Congress power Congress President Obama signs legislation couldnt didnt overreach powers fascist Trump attempting,1
Hey Boots Nixon introduce bill congress btw presidents dont Nixon sign bill passed congress need stop propaganda put blame squarely Obama party failure lol,0
Yes sure stock market rose 7000 around 20000 Unemployment fell shall see Clown think employment figures recently released impressive Stock market morning Trump ralley,0
Meet new Tory boss old Tory boss Voters rejected Harperism last election Theyre unlikely want back via Harper reappearing Scheer mask,0
thing rumpf forgot name racist,1
wont miss True Broncos fans dont problem players protesting commendable cause Bye bye,1
Didnt article say third time theyre bailing Kirk Fool shame Fool twice shame Fool three times legislature moronic,1
President Obama excellent job fighting ISIS one good cabinet appointments trump made Mattis seem decent shape least mideastern front ISIS course trumps wayward policies arenas stripping us Muslim allies creating terrorists,1
world needs Canada badly Kumbaya Lord kumbaya nice JTs ego Liberal party statement might even appear Liberal clip next election reality Canada step every major country world China Europe US Russia nearly every major issue pretend somehow serves us well prevail end bunch political pap Canada hurting hurt get much worse,0
Youre scared NDP must live fear Yeah countries government controlling facets life especially economic aspects fearful yes NDP scary anachronistic scary,0
part LEAVE TRACE dont folks GET Id personally throttle every one em ever caught act SICK HEAD,1
Rick Lewis played football Cmon KOA like Scott Hastings basketball knowledge contacts awesome belong FOOTBALL Broadcast booth Lewis despite Dream Job Heck dream job last played FB High school Cmon KOA Thats stupid,1
Lane Electrics fault tree private property right away Complain land owners,0
Stepping aside endless gun debate moment want say much grieve family lovely little historic community Lookingglass peaceful village base Reston Ridge Coos Bay Wagon Road must devastated tonight Robert Adams comprehend horror must felt finding family wiped foster son fathom mind 16 year old boy could killing calmly tell foster father call police Coincidentally area scene true massacre road Lookingglass Creek October 1855 beginning socalled Rogue Indian War band peaceful Umpqua Indians mostly women children old people taken refuge Arringtons farm One night gang local white guys likely drunk rode Roseburg opened fire unarmed Natives killing Thus first Lookingglass Massacre,0
Glenn writes agree someone give right attack ideas read double meanings think actually Mels comment free speech mine Sorry dont get,0
Judges politicians robes Oregon law favors polluter polluted right farm forest act makes difficult establish anything Oregon court Meanwhile timber barons money lawyers rural downwinders friend seriously poisoned timber company trouble getting doctor admit might correlation stated first doctor recommended liver transplant dismissing suggestions poison drifting water supply culprit Ive heard many cases victims run doctors afraid state obvious timber companies spraying wealthy suburban areas would made illegal,0
Coupeville enchanting town crime never happens,0
last nights 121616 Meting lost respect Pepper Morgan 4 year old juvenile rants get vote absurd fact looking crazy cleared courtroom security reasons 3 amigos tried illegally create kind vote truly reminded wives 34 year old daycare students fighting toy Morgan Pepper Weber complete disgrace City residents position councilmen hope pray city shut Remember names WEBER PEPPER MORGAN loose City Police employees,0
sad see far man fallen snatched defeat jaws victory life choices good,0
government anybody else protect us god given right go something stupid get killed process,0
Expanding medicaid winwin everyone Alaska people insurance people without hospitals doctors communities mention people currently medical care local case virus afflicting Congress namely anything Obama going oppose Okay theres black man White House Get,0
get realize man says woman look wonderful highly possible could primarily complimenting body right get Trumpty Dumptys delivery totally classless surprising coming though,0
connection Chuckie Syria ally like Canada US asked Russia help fight foreignsupported financed socalled rebels Ukraine hand bottomless pit corruption desperately seeking international legitimacy form handouts see connection dont,0
Excellent analyses Lisas stature ascending Dans collapsed already sketchy low often disappointed Lisas party policy choices understand painful compromise necessary retain important committee chairmanships difficult time Republican senator policies party polls showing priorities American people McConnell let vote conscience rare occasions would strategically boost moderate creds cost legislation floor moment seen suggested Collins McCain declare Indepents caucus Dems goes McConnells slim majority McCain changed parties upon demise right wing Gov Az would replace Democratic place holder John Revenge McConnells destruction senate comity,0
say HCGs management board mention three outside providers opinions recommended acceptance second Berkshire tranche shareholder value judgement,0
happy respond intelligent comments Please post one,0
Crazy Horse,1
Uh Millennial lazy dodgy comes workwork schoolwork alright dumb brainwashed 13 years govt school eg Leftist four years Leftist college soft degree top really would better kind folk started voting droves,1
system works Use cut sovereignty shibai phony pilikia,0
IRT bumbai One often wonders making critical decisions impact Americans personal health kept position responsible rational decisionmaking faced debilitating disease step aside realizing fate rest relax exacerbating Susan Collins seems exhibit symptoms neurological condition observations,1
Thats 15,0
hope adults around withheld codes told idiot would use luggage meaning would ask combo httpswwwyoutubecomwatchva6iW8xPw3k,1
lose sure sun rises hope soon leafs win sure sun rises hope soon See logic go back leaf snuggle blanket,0
campaign hate groups called Southern Poverty Law Center,1
number invasions Romans essentially drove Celtic peoples mountainous regions Scotland Wales least remained assimilated becoming virtually expatriate Romans process Ireland never colonised Romans Celtic languages died almost entirely Roman Britain Anglo Saxons later overran Roman remnants dominated linguistically politically couple centuries Norman French spoke Scandinavianinfluenced variety French mainly descended earlier Viking invaders Northern France less successful dominating Saxon remnants particularly Northern areas Modern English represents inextricable combination historical influences including Latin religious observances,0
werent serious,0
convince Children need Free Schools Meanwhile Hi schools Free Completely made Obsolete Kids dont get Math Reading get grants go Math Reading Classes FREE KB moles digging get schools Failed 2 times legislation voted bc Unsustainable GOT PERS GOT COMMUNISM WEALTH REDISTRIBUTION FINEST,0
ever read Canadian Report New York State report peer reviewed opinion economics published TKAG,0
far every post contains personal insult stooges lackeys etc next running dog one sad individual Personal attacks sign bankrupt intellect argument,0
necessity follow Christs commands,0
problem trying brainwash kids Shes piece illogical corrupt crap,1
Actually rifles Gary called wellhe didnt think comment rose level guess Civility agreedyour comment deleted Gary right comment Ive thanked bout little minions ever see light thru respectful critcizm rag Id say big Well support ever embrace caring thoughtful guidance HUGS buddy tiny tiny text lol,0
apologist murdering scumyou sicken,1
seem recall Sarah Palin handing fat check everyone oil prices spiked,0
dont follow reasoning implied contract cabbie complainant owed duty care passenger second assertion makes sense see ruling creates legal precedent far know rules around consent sexual assault written Supreme Court Canada doesnt get precedential person highly intoxicated may sexually assaulted whether youre highly intoxicated saying means exactly physical attempt engage sex refusal assault looking fact complainant says cant remember whether gave consent difficult prove crime committed simple remedy Unless youre safe place dont drink point cant remember said,0
HELLO FBI APD didnt drop ball law requires FBI APD OPERATE OUTSIDE LAW Every nutter needs bogeyman bogeyman anyone wants make common sense gun laws would make difficult severely mentally ill criminals acquire firearms giving law enforcement tools needed combat gun violence epidemic country,0
POS stupid show belongs outhouse,1
First Germany indeed wishes put Nazi era behind doesnt mean deny Nazi Germany existed Nazis committed unspeakable atrocities realize Holocost museums monuments exist Black Americans knowledge well aware history American slavery AfricanAmericans lasting impact culture aware Confederacy Jim Crow KKK today growing celebration white supremacywhite nationalism resurgent racism Also whether Black Americans want admit statues part culture history also Black Americans well aware statues celebration era Jim Crow racism well aware culture white supremacy statues represent Thats favor removalthats favor removal sure racism part historyand unfortunately part today Gary Crum,0
according ability according need,0
Speer family sue Canadian government negligence allowing terroristic immigrants Canada radicalize offspring attack allies Justice served,1
creep needs locked indefinitely key cell permanently lost theyre perhaps mother get little cell time reflect upon lack supervision skills Also whenever sex crimes child pornography crime child charged based upon compelling evidence dont think Lane County Jail release charged individual pretrial Children get childhood short period time letting creeps Mr Fix waiting trial ensures victims whose childhood damaged dont much compassion sexual perverts,1
Mr Obama works federal government state law guess needed excuse lambaste president Feel better,0
afraid China Trump asking China help Kim talk crooked tongue Nut rick,1
forget Georgia 6 Trump big lead GOP candidate run Dems throw away millions every 2018 swingdistrict race,0
limited perspective based facts large number Islamic extremists Syrian refugees extremists theyre victims seeking escape extremism,0
Tell surviving crewmen Liberty informationincluding eyewitnessesis readily available 2003 confession Admiral Thomas H Moorer headed original Naval Commission reviewed attack Johnson McNamara ordered falsify said Commissions findings cover attack DELIBERATE waste effort learning ignorance instantaneous,1
Funny says Clintons problems private none business guess referring Monica never charges Clinton harassment Paula Jones employee rape woman named Juanita Brodrick ran group nursing homes wanted help governor Kathleen Wiley assaulted asked help husband died let clear democrat women turned back little column hypocrisy disgusting garbage filled Hollywood cesspool yrs column self serving pathetic pap rest shoveling,1
Republicans havent fiscally conservative since Eisenhower Republican conservative parted ways loooooooooooooooooooooooooong time ago SAY theyre conservative certainly doesnt make look record,0
Catholic Milos fall came time Lent Hey Milo repent believe gospel,0
United States never needs justification actions wherever globe go destroy countries kill people Thats Obama used call Exceptionalism,0
Ive read 11 million Canadians covered employerpaid benefits plans glaring lack prescription drug coverage universal health care system primary gap thats filled current system gap politically sustainable large measure result employerpaid plans One assume Canadian health care system designed way appease private corporations particularly insurance industry classbased analysis would surely conclude mainly middleclass workers benefit current system group taxpayers thats asked past three decades furnish increasing portion government revenues getting direct benefits return would certainly interesting see Trudeaus government start class war middleclass voters purports champion,0
cruel race well Yukon Quest ended years ago 150 dog deaths average 3 dogs per year Also half dogs dont finish due illness injury exhaustion etc morally unjustifiable entertainment activity expected kill dogs Since logical assume trend continue one conclude organizers mushers spectators care entertainment willing look way dogs likely die every race would stop People boycott unnecessary races sponsors pull sponsorship,0
Fake news nothing new occurred years tabloids like National Enquirer Celebrity X dying cancer screams headline Twenty years later Celeb X still alive cancer kind thing remember seeing one onceHillary Clinton lesbian relationship probably photographed dinner woman friend,0
Well Jack seem turn blind eye past continue unwillingness look entire picture told Vegas bowl season Belloiti would right ship Youve one tracked mind unwilling look whole picture maybe Pollyanna relic anchored past provide little substance opinion Thanks reading without listening,0
support collaboration local state federal law enforcement surprised mayor San Juan PR mind required HPD State Sheriffs request info support FLEs dependant upon ongoing relationship development agencies departments could either quick turnaround stonewalling Ive seen experienced shirt back support tappitytaptap tap dancing hemming hawwinggoing ways support enforcement US laws currently books originally written original intent generation statute,0
live long enough new generations discovering people abuse drugs losers drugged generations past dying Good Americans need keep plastic bag face organized crime drug cartels move forward living life sober dependence free,1
Everyone knows peacekeeping old repeating serves purpose vital North Africa become giant radical training ground dangerous important job done,0
tired hearing phony conservatives complaining liberal mediaa would respect conservatives actually read something listen Rush Fox Fox main reason media trivilized years replaced substance fluff Sad many fall,0
bet libs heads spinning indeed get confused facts dont align narrative actually feel badly would difficult confused time,0
Kinda like getting Al Capone tax evasion crimes comments section clearly much heinous,1
nation world even close America new technology,0
poster Troll ignore,1
would like know many organizations extremely close federalprovincial Senators trying make sure Canadians arent paid order live survive Canada,1
Im positive quite possible estimate long store short possible armed didnt even realize going seconds likely trying get determine bullets coming instead drawing weapons time couldve gone Ya got ta survive first defend highly doubt training pistol range prepares one situation actually split seconds decide,0
wheres realistic budget plan Nels Spend savings wait oil companies decide deduct thanksbeen done,0
reminded phrase Game Thrones Kill Masters Narrow minded edicts high declared upon freedom loving masses tolerated us,1
Darn Looks like hes still,1
says queen bee ignorant comments look reared ugly bigot racist head hope dont ban account everybody getting lots giggles reading dumbass comments,1
Pacific NW home top ranked Whidbey Naval Air Station small fringe groups led transplant big city people Californians trying close base best air range US deep pockets rich sponsors links national environmental groups Support Navy comments need show fringe,0
Work Farce writes clue Sadly shall remain clueless,1
Republican majority gutted AST budget Walker couldve vetoed cut AST budget going put revenue back state treasury oh wise Dick,1
English grammar seems subject term us object term,0
First need learn post correctly respond post start new one Secondly need learn difference pesticides herbicides pesticides coming church organic aerial spraying logged forests HERBICIDE Thirdly absolute hysterical comedy staggering hypocrisy claiming hiding behind fake name posting spiralmom Fourthly credibility babblings would independent conduct study independent brought debunked shameless pathetic lies run independent study shows youre lying,1
Blah blah blah Yes know without massive Muslim immigration country settled built whites collapse,1
Canadians dont care climate change know nonsense Dont let paid poll manipulate public opinion fool,1
education industry controlled US Department Education Secretary decades look Alaska got Alaska 2d highest spending per capita K12 adjusted cost living AK low income 4th graders DEAD LAST reading national tests NAEP Upper income 4th graders bad49th 50 NAEP reading Check httpalaskapolicyforumorg201702doesspendingmoreonk12producebetterresults,0
Meanwhile Democrats brought nightmare everyone absolutely help Despite fact know worse legislation ever wont lift finger Way go Dems Continue worthless,1
Bannister recent report Congresional Research Service provides data federal government financing climate science climate change activities shows 1993 2014 1665 billion 2005 dollars spent Roughly amount 2005 dollars NASA spent 11 year Apollo Program 17 missions man walked moon 7 times Based idea bang buck would take results Apollo program abysmally inaccurate climate models produced climate science welcome spend money however see fit keep mine charade,0
Trump Murica become global joke,1
Jaded using VULGAR language shows lack character surprise MerriamWebster clearly states call whatever want bother could call bunch names trip however character refrain cute little run together words anass thepusy clever cant REAL spell correctly ass pussy certainly qualify SLICK WILLY type Evidently run together words go heads Civil Comments reviewers Back comment people talking messed TRANS people Lesbians Homos excop TRANS KILLED wife DAD Gladstone excop charged murder sentenced child pornography possession SISTER testifies delayed revealing crazy lady murder plots protect exGladstone cop ExGladstone cop trial wifes death helped codefendant duck sex charge SEDAS trip,1
Trump clear present danger country GOP using sign wish list shite law agree Waters Hes got go objective perspective Trump disaster Trump Chumps think use word loosely whatever Trump Fox News tells think amount carefully gathered vetted evidence ever get Trump Love fog surrounds brains,1
please specify factual instances paul manaforts GUILT statement obtuse vacuous,1
vicious profitable cycle beverage industry makes money selling soda pharmaceutical industry makes money selling diabetes drugs ultimately medical industry profits disease progresses enough frequent doctors visits ultimately hospitalization usual American taxpayer loses,0
conservative drivel twittler Friday night absolutely led mass protests weekend Every player every right protest protest strongly racist ineloquent foulmouthed hateinducing POTUS wayward divisive agenda stand players 100 Inequality violence African Americans country real,1
Buck Bronco fans FWIW saw SB team making SWARMING defense kidding ST amazing Defense amazing Offense looks damn good Yeah room improvement overall well coached team significnat talent OL improved TS football IQ right JE Frozen ropes Attacking Mentality theyre pissed something prove right want,0
Oh great going fight Fluoride stuff toxic doesnt belong water Dont vote guy httpfluoridealertorg,0
agree called Teflon president reason though,0
Glad see RG made needed corrections timeline,0
Another hater Please cite exactly president made racist comment wait Tick tock tick tock,1
thats left Barney Fife Erkle MrEd Kardashians Jerry Lewis Joe Scarbough Snopp Dog,0
Yes seen number lists none even mentioning anything outside US PERHAPS right suspect simply arent looking beyond US borders guess Trump office might reason enough doubt Bezos balls,1
people dont enough keep trouble sick mind,1
never ceases amaze conservatives idiots like Eastman call smaller less intrusive government takes certain kind mindset call less intrusive government except comes issues functions upon unquestionable belief righteousness Strangely enough striking similarity claiming deeply religious,1
judicial approach problem happen concurrently social actions makers traffickers knowing make sell potentiallylethal drugs must appropriately charged know people may die taking produce sell Charges manslaughter murder seem appropriate inevitable happens,1
Russia treat psycho tweeter kid gloves one never kicks loose cannon Trump go like cheap gun anytime,1
Beats reality TV crap handsdown,1
would suggest productivity seriously lagged industry hampered inflexible unions want trade barriers set force captive population buy Canadian manufactured goods want reacquire jobs need highly productive offer goods right price right time right place,0
Violence symptom social unrest cause sides Charlottsville engaged violent behavior comparisons end NeoNaziKKKwhite supremacists long history violence intimidation various reasons election Trump reawakened desires go Jews nonwhites rest country needs stand resist efforts Ideally done nonviolently humans humans often display aggressive behavior threatened,1
story corrected,0
Shes one massive criminal,1
dominant political parties encourage culture victimization Democrats pander believe theyve deprived theyre entitled Republicans pander believe rightfully taken Nobody played victim card relentlessly greater effect Donald Trump 2016 election Characterizing mess US political culture fault one side absurd,0
IGNORANT still putting forward fallacy min wage wrong help poor workers already proven thousands jobs lost seattle incomes suffer economy take hit really believe employers hurt people purpose see lunatic business guarantee jobs cut jobs make others etc less cause forced 32 labour increases covered,1
blame others decisions,0
Hey DP mom think could let snowflakes see uncivil comment promise tell one,0
message sending respect anyone property would anyone give crap message Acting like bunch three year olds grocer store whining candy Mom wont let Really great group adults represent dems,0
Yes really feeble attempts sarcasm wont hide ignoranceDELETE ACCOUNT,1
long everybody Federal First Nations Environmentalists provinces city mayors backyard people etc gets involved everything life potential killed called STATUS QUO GLORY,0
Dumb tired yoga people need keep indoors,1
likeability substitute managerial credibility Really thought exactly happened 2015,0
amazing much Trump brought light deep hatred bitterness prejudice many liberal politicals built years Kate many interesting things say life Alaska denial election subsequent revelation hatred prejudice many Americans really destroys message Alaska voted Trump dont want understand real people know liberal mythology bitter hatreds others think see things differently sure get accolades support liberal elite Juneau Anchorage care,1
literally caught shooting people need eliminated keep monsters alive Dylan roof Dead idiot Dead killersRapistsChild Molestors Dead,1
Bang,0
Would like know stimulus worked long term impact short term debt incurred offset gain Patchwork best,0
nothing celebrate proving poor economic policies takes years results exposed another business close move putting hundreds work Yeah Trudeau minions sit back boast great dust settles itll different story,0
Democrat Party best Panders poor get votes gives handouts keeps poor get votes Creates bills taxpayersgovernment salaries Tells Black people stupid succeed initiative need special privileges get ahead greatgrandparents slaves Although Black people others smart enough get photo ID claim freebies fly presumed stupid get photo ID vote Tells people must things keiki future generations paying abortions kill keikinext generation Tells women want bodies stupid keep legs together thereby deny admission penis Democrats think vote stupid party likes way Heaven forbid Democrat voters start thinking,1
little Trump help UK European courts deferred hospitals decision allow Charlie sent US trial therapy know sensitive issue trying politicize like accusing another poster record dont believe poster trying politicize anything either respect find highly hypocritical gesture like coming person pushing hard words implementation mean health care bill going leave another 2223 million Americans without health insurance bill number elected members party dont like either trying politicize anything stating fact Trumpeteer hypocritical Pharisees start throwing stones stating honest opinion,1
mlm,1
cant practice MMA skills public officer going jail,0
real market subsidies ebb post bankruptcy,0
hate predict future things unless swift significant blowback Rome read Apostolic visitation quick removal la Bishop Finn incremental advance church towards gay members Francis Cupich Tobin Schoeneborn Marx etc undoneand mass exodus gays families friends resume,1
Okay Kellyanne Conway fair using mans name spread fake news,0
dare black athlete take stand police brutality systemic racism Next thing theyll want sit front bus vote Maybe theyll even want become President without bunch bigoted morons suggesting born Kenya,1
Yes entire state needs tied together common energy gird way entire state able reach economic potential provide affordable reliable longterm energy currently biggest barrier business development Rural Remote Alaska,0
shame took 50 years clear Senators good name hysterical hyperbole top cries witch hunt persecution took good friends Russians get America haters left pull heads open eyes wide enough see Senator Joe McCarthy right Unsealed documents back make fact unambiguously clear Democrat party filled government communist spies highest level McCarthy right allowed left wing name calling anti free speech antiConstitution left silence threats calling speech hate crime criminal act like done Europe currently trying would speaking Russian Chinese right Speak truth power let one put new limits free speech doesnt matter whos feelings get hurt,0
People Progressives especially Canada approximately 17 planets GDP emissions Thats 17 Even committed saving planet shut whole damn country moved Big Al Gores well heated basement would still save planet committing economic suicide nothing,1
doubtful Trump drain swamp far likely waters simply exchanged one stagnant party another stench differ depending cesspool waters siphoned still get chance,0
cant stop demonstrating stupidity opposed ignorant still possibility learning,1
really need get help total delusion live perfect example low intelligence voter canada,1
sure nationalizing drug companies answer proper oversight regulation certainly missing right basic research leads new medicines mostly universities given free little cost pharmaceutical companies also significant unwarranted tax breaks clinical trials seeing sequestered,0
Agreed welcoming children criticalbut honestly hard time funeralwe suicide victims simply turn well families knows persons heart persons encounter Divine funeral gloss difficulties former pastor still retirement marvel stating reality including difficult material life funeral homilies wrapping realities profound mercy God healing families Pace bene,0
incentives competent professional advisor helping grow personsfamiliys wealth helping achieve life goals good thing,0
majority hell smoking 1 million baits 2 population england Stick day job paperboy,1
man lying sack crap one Bushs mouthpieces excusing illegal war choice Iraq day Bush use lies launch disastrous war propagandist along entire rest Bush administration put trial couple days ago GOP loyalist Michael Gerson penned column actually suggesting Condi mushroom clouds Rice candidate POTUS part rewriting history going serious never Trumpers GOP apologist administration used war first choice rather last resort disqualifies odious man serious consideration Remember would congressional vote AUMF invading nation nothing 911 WMD al Queda affiliation heavily pushed Bush administration fact top priority first cabinet meeting,1
load nonsense Brave brilliant beautiful Tulsi Gabbard admired respected Member US Congress,1
Thank Globe Mail grandstanding issue years wear unintended consequences many people hurt result,0
weather forecast thats OK tell durn scientists Im sure youre knowledgeable Alaska weather climate know chief scientist IARC,0
2 Foolishly followed first ducking nub question noting Scotts poem could applied virtually country disagreed Please note Scott writing native Scotland US American education system applied Scotts poem America postWWI drive inculcate patriotism American schools see Walter Scott Wiki Obviously therefore poem anyones patriotism nonresponsive refused follow second ducking nub question referring article American exceptionalism repeatedly pushed article explanatory ignoring explicit quest view Gods preferential blessing America said Scrap God moment read article Sorry Marty question Gods unique protection America anyones delineation Americas exceptional history indeed delineation exceptional history countries,1
Good Lets stop nonsense give us larger bins toss everything,1
Agree 100 drives crazy keep saying Russia interfered election thing thing alleged really properly investigated sham invented cover real crime spying Trump campaign American ppl making excuse Hillary didnt win,1
Zach showed far grace could mustered bullied high school hit one bullies came across man today would apologize hitting saw sin see sin,1
Lying Pig,1
I_like_a_good_steak_thank_you,0
Marty really believe quote Trumps true sentiments bridge New York would like sell Trump con man tell anything want hear get wants Throughout career map abortion rate believe prolife movement well Bishops made bargain devil long run suffer,0
sentences article gave outloud chuckle Trumps friends Capitol said divisions style substance Trump reality TV star Trump style substance entire life continued pretty much every action taken since Jan 20th Twitter anyone Congress passes tax bill year help presidents popularity win Unless top 1 wage earner get almost income investments corporation nothing substance tax bill actual conservative fact least damaging estimate bill add 15T debt bother promise drain swamp resonated still still resonates anybody either ignorant idiot give DeVos Perry Sessions Drain hardly,1
process isnt done yet see shakes preliminary negotiations another note one sees Mitch McConnell reminded character bar scene Star Wars,0
thought could transpired kidnapped pedophile child trafficking evilness concerning children makes blood runs cold Thank goodness found safe sound Prayers thanksgiving safety,1
Exactly hope actual repeal followed replace two separate steps rather Obamacarelite bill theyd building current bill putting lipstick pig,1
People know personally marched Boston said saw antiabortion women marching fine one told couldnt march one accosted made feel unwelcome march Choice also ways ProLifeit anti policies Trump seems hate bigotry xenophobia ProLife probirth,1
subprime mortgages debt lending selling insurances debts deregulation called free market called CDOs CDOs packages subprime debts insurance debts get trading rating AAA BBB CCC sell traders really know math life depended,0
Maybe denied entry looked like kind gang banging trash would carrying weapons might use,1
personal insult less would Moon howler dislike post information help people counter games disinformation crowd plays Reminds Rodney Dangerfield line Hey resemble remark,1
yet another ignorant loser stupid see loser dont hire little guy hire best successful field trump clearly hiring best get policies usa jobs,1
Yea person would affected happy recommend issued follow recommendation,0
Chin represent views much states population supports position want AG places personal views people Hawaii,0
God transcendent immanent makes clearer deny one usual Catholicism bothand God depend creation exist,0
mean Albertas resources wear thin continue financially support Quebec whatever Parasites please secede take Trudeau,0
court public opinion social media serve moral justice better judge could,1
Mr Summers Cant stay focused even 2 seconds cant dilute already sorry reputation httpwwwurbandictionarycomdefinephptermclass20clown,0
concern getting shot officer determining threat isnt Better evade run stay away shooter defend self last resort Police respond rapidly deploy come around corner see gun 4 guys taking get carrying dont anything arent responsible responding shots fired came college campus discussion far people would get hurt evading,0
really isnt gamble Vail resorts basically invented passing risk bad season pass holders prices ticket office indeed insane pass prices reasonable like go 4 times make pass worth people going early late season pass holders incentive vail really put much work opening terrain since already obtained income season even started Pretty genius really,0
wrote piece Native justice systems forprofit prisons published 14 years ago httplenapeprogramsinfosociopoliticalissues2prisoners Progress unfortunately slow better nothing,1
life hardest time figuring people immediately think tiny little things topic firearms comes Perhaps seek counseling something,0
Make America Great Impeach Trump,0
WP wont let look articleopinion anymore went elsewhere far one anywhere able refute WikiLeaksPodesta storiesHillary didnt even try said Putins fault deals Wall Street DNC shills throw Bernie bus got fired revealed denials Wiki published evil Putin gave truth Ill go Wiki mainstream apologist Hillary one,0
Youre arguing WWIII start phone call happenedis phone call start WWIII sillyhow else respond hyperbole,0
Im reading Obama signed check Clinton foundation mueller comey eric holder podesta huma dem campaign donna brazile fbi cia doj loretta lynch debbie wassenber Schultz unbelievable list goes theyre Amazing Trump still alive,1
Hmmm personally think tone wording storycommentary bit hyperbole manner CNN MSNBC,0
Meanwhile Taiwan preparing justincase mainland China decides invade Maybe government Canada needs talk somebody Taiwan know might possibility see something maybe folks Ottawa cant see,0
shut happened Europe happens Islam allowed spread schools,1
Mammograms notoriously unreliable premenopausal women Ive numerous false positives importantly false negative lucky female family physician listened concerns lump didnt go away sent needle biopsy proved positive Im tell tale 25 years later Thank excellent family physician cancer experts Womens College Hospital Listen body especially feel something isnt quite right,0
Thank Snohomish County bold move support Indigenous Peoples Day making stand racial social injustices hope rest fine Citys County follow suit Phoenix Two Hearts,0
American Jesus lookalike speaketh Houston guessed usual throw brown people outandsayeth unto followers shall build beautiful great wall,1
Hell Les Gara worthless democrats trying raid Pfund back Tony Knowles wasnt lot protect governor,1
rather Pavlovian response,0
Wow teensy 6 sentence bit bait sentence say,0
agree seem understand question asked civility agreement,0
ticket takers bus drivers making 100k wonder TTC fares skyrocketing cant seem deliver reasonable service reasonable price world ticket taker bus driver make 100k Every year list comes want puke disgust waste government generates addition multiple billion dollar scandals years Ontario worse debt situation California saying lot list shows one reasons days forgotten masses province continue suck dry nongovernment workers feed regular bloke doesnt stand chance,1
official ADN CNN Congrats,1
totally agree successfully captured much Christian vote nefarious ends stuck Harper like crazy glue,1
dont find postings least bit entertaining Mildly irritating yes entertaining,1
nasty women Including Joan Arc Throw pond sink proof nasty women floated even proof Nasty women us long long time one grateful,1
someone works child welfare system excuse evil deed excuse parents well say child dumbass assisting friend covering murder say definitely lacked parenting conscientious human Take responsibility act well,1
name offensive Ill tell ADN make change something acceptable byebye,0
Safeway awful store store Florence rotten produce homeless always rubbing fruit parking coast gauntlet homeless begging gas money get store good complain worthless management,1
next congress overturn foolishness 36 days,1
main effect HAARP seems occasionally causes mutation Begich genome produces Republican actually main driving force evolution mutation causes improvement species adaptability HAARPs primary purpose increase rate mutations eventually increase rate evolution,0
agree claim Canada afraid tell Trump thing two Canada simply looking interests lot jobs rely access American market brave silly poke stick eye US president manner accomplish nothing good Put shoe foot Suppose five years ago international fugitives sold black market Canadas topsecret infrastructure engineering documents way satellite technology nuclear reactors Canadarm military defenses giving Canada really bad compromising black eye Would wise move USA welcome fugitives open arms enablers live happily ever Seattle course would diplomatic stupidity nothing courage bravery,1
dont women march protest murder mutilation women Muslim world Todays feminists hypocrites choose soft nonthreatening targets refuse confront real threats womens rights around world good bet women protested Donald Trump today holding refugees welcome signs point future fall prey rape culture welcome,1
please oh please let us dumbies know media aware things way want talking pastels charcoal TV Poor Trumpette must hard time deciding go Right news Try Worldnet Daily lot entertainment,1
still,0
Dont blame Russia bad political canditates performance candidates OK wont Even Hilliary admitted refused go places cause Obama support Youre right refused President firing FBI Director moment involved investigation Russian meddling election processand President mayMAY saidhave something hide Got ta ask Trump situation would look fired guy whos purpose waswell investigation Federal Bureau,1
Yes sylvia_s thoughtful wellargued post full cogent examples analysis,0
Absolutely absurd one voted Daily Mail newspaper branded three judges UK High Court late last year enemies people temerity suggest Parliament say UK left EU Britain really start resemble Germany 1930s Another attempt invoke Nazi Germany referendum democratic earth Daily Mail referendum part one part democratic process extent democratic process entirety attacked unelected tribunes people one alarming effects referendum campaign aftermath referendum part democratic process Really part voting important invoke population earth democratic process preserved court order trumping vote Absurd,1
Greg interesting comment Vietnam soldiers came back addicted heroin Studies done wartime addiction time showed interesting trend soldiers came home lot lost heroin addictions may recall era heroin drug choice expected learned important environment introducing addictions maintaining big change known addiction Simple seems stressful life death situation active war zone using heroin war zone need use anymore,0
Id buy Sounds fascinating,0
UC Im glad youre content faith problem business Select destiny really warning every nonChristian believe damned eternal hell iemy way highway apologies ACDCthe highway hell far nonChristians world Chirstians wonderful people creeps belief presented simple youre Christiancreep go heaven good person even really good person done nothing good life youre nonChristian go hell Sorry Im sure theres god Id certainly hope hesheit bit compassion Yes Ill select destiny theres god Judgment Day Id rather Hell good nonChristians Heaven Christiancreepsand believe plenty Gary Crum,1
BIG DEAL smoking gun Nothing even remotely classified offensive revealing matter email thing ONE BIG WITCH HUNT DEFUNCT GOP YAWN YAWN YAWN,1
armed Youre plan,1
hubby must either doormat doofus Hard imagine normal guy tell friends home really great gal Really pantsdowninLoblaws moment,1
sick delusional nut job hate get serious help bud,1
Bill Fulton obnoxious loud mouth narcissist Every time would walk Drop Zone hey look 11Bravo like million people served Army Im special Im going talk louder neededl,1
Anyone takes Trump word going pawned Hell say one thing today opposite next Day hell claim never said either thing cant keep track spews one day next doesnt care spews cant imagine consequences would affect hes Trump even talks third person man weak insecure neurotic mental case Hes ignorant white supremacist neoNazi stain appointees stained association one say didnt know Trump one credibly make excuses apologies Trump Hes blot nation Nothing,1
really hard say since many might dumbest thing youve ever said,1
would ask different questions like conquer Middle East think get away leaving little less half citizens struggling get,0
called Jefferson County Republican Partys vicechairman Steve Dorman going court block people heard actions already knocked issue Novembers ballot City Lakewood going call special election along incumbent costs bad Steves builder friends arent covering costs citizens pay Thanks Steve Youre one swell guy,1
hacking Russian connection policy reversals never ending conflicts interest Oligarch choices dept heads incessant lying every time opens mouth crowning issue push State Electors say grave injustice done country people Democracy whole reject narcissistic Dictator wannabe,0
Please provide evidence effect carbon taxes climate Europeans sometime nowAs well provide documentation shows hoping world magically use less carbon taxes reverse even slow climate change read results Paris Accord indicate countries wont meet goal holding temperature increases 2 degrees explain fully small country like Canada population wise hopes achieve anything next door neighbour ten times larger opted carbon tax believing useless,1
Hes fit elude anyone point,1
big top Trump circus continues,1
Look coddled whining 70 antigunners exploiting traged make jokes,0
Actually dont stupid stuff,1
older man judging bodies teenage girls felt like needed publicly insult ADN Ewwww photo Wow got serious creeps,1
